"Przyspieszenie (Ax, Ay)"
[ 2.49880618e+21 -1.26677464e+22]
[-3.40298588e+22  2.09211124e+22]
[1.10660143e+22 2.37201029e+22]
[-8.79099710e+22 -8.48491266e+22]
[-2.29872814e+22 -1.94590702e+22]
[-2.61701023e+21 -2.99091021e+22]
[1.28188235e+22 2.45726469e+22]
[1.27296982e+22 2.03301173e+22]
[2.29249972e+22 4.49601656e+21]
[3.81112728e+22 9.05408940e+20]
[-8.73607053e+21 -2.57502272e+22]
[-6.75316420e+20 -1.41187312e+22]
[ 4.63400328e+22 -1.58354981e+22]
[ 2.14745031e+22 -1.32401656e+22]
[1.24036134e+22 4.72388050e+22]
[ 8.23046486e+21 -1.01289348e+22]
[3.27046593e+22 1.91536573e+20]
[-4.37561114e+22 -1.75057255e+22]
[-5.16625492e+22  3.33620219e+22]
[ 2.28835969e+22 -2.14984677e+22]
[-5.92413941e+20  4.83623094e+20]
[ 2.40567114e+22 -8.08496760e+21]
[ 5.68825168e+21 -9.44441174e+22]
[5.89240684e+21 2.00121465e+22]
[8.33058938e+21 3.67150912e+21]
[-1.14843543e+22 -4.94279212e+21]
[ 1.73445258e+22 -9.09816769e+22]
[ 3.3345697e+21 -1.2846202e+22]
[-9.06329574e+21  5.18662597e+21]
[-3.81908248e+21 -1.11440069e+22]
[1.13543775e+22 7.05152229e+21]
[-3.26515835e+22  2.27440748e+21]
[ 1.24355814e+22 -3.73672369e+21]
[ 9.49851481e+20 -2.93788640e+22]
[ 4.34547082e+21 -7.72034064e+21]
[-6.75412604e+21  8.20874952e+21]
[ 1.23055577e+22 -9.41796823e+21]
[2.25080447e+22 4.82105176e+22]
[1.08822626e+23 1.76796669e+23]
[-1.78821593e+22  2.31254054e+21]
[2.19592364e+22 1.33191108e+22]
[3.28725842e+22 2.64777355e+22]
[-1.95538072e+21  2.90424676e+21]
[-1.10782244e+22 -1.98892862e+20]
[-5.78326486e+21  2.05235446e+21]
[2.88084228e+21 6.00515466e+21]
[1.05450246e+22 4.11104495e+21]
[9.51542875e+19 6.93092931e+21]
[1.64796462e+22 8.88860973e+20]
[-1.41054123e+22  1.25435125e+22]
[2.09932730e+22 6.10780771e+21]
[ 7.86231082e+22 -1.23243930e+23]
[-3.54822576e+23  7.02676394e+22]
[-7.06541137e+21  5.79176881e+21]
[ 1.66937171e+21 -3.86959403e+22]
[-7.50096118e+21  1.22669921e+22]
[-1.81974288e+21 -6.33628982e+21]
[ 4.46033792e+21 -5.92409935e+21]
[-2.33568377e+22 -1.14617207e+22]
[-1.23922981e+22 -8.32088298e+21]
[-5.28695976e+21 -9.36676030e+21]
[-2.67927002e+22 -4.41755591e+22]
[ 4.18351319e+21 -1.40713272e+21]
[ 2.88024503e+21 -2.15662932e+22]
[2.11218323e+22 1.22483360e+22]
[-1.32661235e+22  8.06389228e+21]
[9.49697376e+21 3.06534005e+21]
[ 4.87313378e+21 -2.07814938e+21]
[7.05386646e+21 1.29978661e+21]
[ 1.39813609e+20 -1.40518668e+22]
[-2.22031956e+22 -8.51094923e+21]
[-2.01471031e+22  1.40441970e+22]
[-9.1441261e+21  1.5184706e+22]
[-1.03795661e+22  9.57990002e+21]
[-1.10595937e+22 -6.42637902e+21]
[-2.75255162e+21  1.69201009e+22]
[1.35882663e+22 6.70423686e+21]
[-1.65609307e+23 -7.36807743e+22]
[-1.19771374e+22 -8.80810428e+21]
[ 3.63309735e+21 -6.25873292e+21]
[-1.01483988e+22  9.46996047e+21]
[2.46475748e+21 4.59516330e+22]
[ 2.80141212e+22 -1.69299748e+22]
[-1.01849787e+22 -1.24247472e+22]
[-9.66717261e+19  1.92433216e+22]
[-6.82955767e+21  1.65929902e+22]
[-3.58872829e+21  1.78508611e+22]
[4.85373906e+22 5.61780070e+22]
[3.83612547e+21 9.61639558e+18]
[4.88390633e+21 1.16366447e+22]
[1.72678164e+22 3.16192256e+21]
[-3.97181042e+21 -1.91452203e+21]
[4.91465435e+22 7.93404883e+22]
[ 1.15497947e+22 -3.37884796e+21]
[3.51254915e+25 1.57167458e+26]
[-2.85314505e+20 -5.11979703e+21]
[-6.68437523e+21 -1.50967235e+22]
[1.12660934e+22 6.86039839e+21]
[-5.27941615e+22 -1.06673651e+23]
[-5.14269184e+21 -5.07255010e+20]
[-3.78694390e+22 -4.12058666e+22]
[ 2.63779835e+22 -5.70138349e+22]
[-5.32441447e+21  2.30815790e+22]
[ 2.78775232e+22 -2.10150705e+22]
[1.91769850e+22 2.87190845e+22]
[-1.87978152e+22  1.65938023e+22]
[1.06372487e+22 3.79745960e+22]
[-7.82079010e+21  4.83523036e+20]
[ 6.53917292e+21 -1.25304475e+22]
[ 2.60230514e+22 -3.95807398e+22]
[ 1.59873670e+21 -8.35307223e+20]
[1.05856805e+22 4.67805983e+21]
[-3.86269401e+22  5.49496394e+21]
[-3.05190763e+22  5.29564892e+21]
[ 4.85029823e+21 -9.00530682e+21]
[-1.16918624e+22 -2.91737955e+21]
[-1.94174808e+20  5.95820810e+21]
[-1.12025038e+22 -5.22322243e+21]
[-1.00104925e+22  2.25729133e+22]
[ 5.84078514e+20 -1.07980909e+23]
[-9.19550516e+21 -1.30516199e+21]
[-9.81268071e+22 -1.28727474e+23]
[ 2.17800417e+22 -8.38509274e+21]
[-5.08211650e+21 -1.50765629e+22]
[-1.18957315e+22 -4.12891045e+21]
[-1.49177357e+21 -6.72884571e+21]
[-1.27450503e+22 -7.90492988e+21]
[8.81723087e+21 6.04858044e+21]
[-1.27554455e+22 -2.49724424e+22]
[-7.24581446e+21  5.66257738e+21]
[-3.14048215e+21 -2.45657811e+22]
[ 4.87024644e+21 -7.95634670e+21]
[-3.62578877e+22 -3.57936278e+22]
[-4.13542750e+22 -2.43099468e+22]
[-1.4504573e+22 -1.6067976e+21]
[-4.40966154e+21  2.81683224e+21]
[-2.92849963e+21 -1.34738338e+22]
[-2.91952862e+23 -4.24292885e+22]
[-1.27463768e+21  9.55502505e+21]
[-9.78160044e+21  2.73602458e+21]
[-9.61437687e+21  8.41223175e+21]
[-7.65675939e+21 -1.69055896e+22]
[3.43395896e+21 2.99613878e+22]
[1.48710773e+20 2.64562373e+21]
[-9.62132047e+21 -3.21279296e+22]
[1.74899514e+22 1.08267201e+22]
[-5.80164361e+22 -3.17051193e+22]
[-1.12862504e+22 -4.66243628e+21]
[-6.34916036e+21  1.96524330e+21]
[ 9.84484578e+21 -1.49134884e+22]
[2.11826001e+22 6.98310678e+21]
[-1.81928276e+22 -1.26416559e+22]
[ 4.58603764e+21 -1.00142413e+22]
[-5.20914835e+22 -2.64966246e+22]
[1.87202486e+23 2.10598333e+23]
[-1.11274505e+20  8.67917146e+21]
[-8.38095152e+21  4.05679432e+21]
[-1.55536053e+22  2.36384757e+22]
[-2.55859548e+21  5.87725728e+20]
[6.92380118e+21 5.38144994e+21]
[1.57372454e+22 5.30699419e+21]
[ 6.01080171e+21 -8.72865666e+21]
[ 1.30550033e+23 -6.05760938e+22]
[ 5.79756980e+21 -1.20175568e+22]
[-1.91289156e+21  1.06478019e+22]
[-2.94299857e+21 -9.39219859e+21]
[ 2.73117303e+22 -5.84327466e+21]
[ 6.33545964e+22 -2.86642730e+20]
[ 2.97443309e+22 -7.23389589e+22]
[1.23161798e+22 1.31036137e+22]
[-7.33261015e+20  3.61838188e+21]
[ 1.29996577e+22 -3.23123520e+21]
[-8.95720315e+21  9.00826015e+21]
[1.15288169e+22 4.15851354e+22]
[-1.26376018e+22 -2.84703847e+22]
[-1.26407729e+21 -1.75079369e+21]
[4.73011043e+21 7.78261326e+21]
[ 1.45976906e+22 -5.03082808e+21]
[ 3.76012911e+22 -7.00858869e+22]
[-9.59401428e+21 -5.41249343e+21]
[2.35772770e+21 8.67128206e+20]
[ 1.30235526e+22 -5.46271115e+21]
[-1.19103224e+22  8.29948434e+21]
[-1.49994808e+22 -8.47043551e+21]
[1.34722885e+22 1.03564554e+22]
[-1.26504854e+23 -2.98656113e+23]
[-9.14610164e+21  8.10804794e+21]
[-4.32893517e+22 -2.46234637e+22]
[1.23879249e+23 3.60733579e+22]
[6.59113417e+21 1.01391936e+22]
[ 7.59669487e+21 -1.01925936e+20]
[ 5.59692203e+21 -1.92398802e+22]
[4.90904583e+21 2.13997014e+21]
[4.16248958e+21 2.55307721e+22]
[-6.66017572e+22 -8.28863004e+21]
[-3.66086258e+22 -2.57638281e+22]
[-2.26835963e+21 -1.20714015e+21]
[ 1.98406180e+22 -3.09877727e+22]
[-6.62380309e+21  2.21023158e+22]
[ 1.31413305e+23 -1.08140476e+23]
[-3.83414455e+21 -1.80940642e+21]
[-1.99787159e+22  3.80989153e+22]
[3.03340066e+22 2.03147968e+22]
[8.76605965e+20 2.40462837e+22]
[ 1.24764413e+22 -1.35741281e+22]
[ 8.28713441e+21 -1.98233847e+22]
[-1.63501003e+22  5.27219076e+20]
[-5.31992096e+23 -1.43747087e+23]
[ 5.03826010e+21 -3.91394833e+20]
[-1.19187653e+22  4.75718876e+21]
[ 1.01904227e+21 -7.01409474e+21]
[ 1.67537785e+22 -2.71239589e+22]
[ 4.01542478e+22 -4.96047462e+21]
[-5.4721222e+21 -1.9527671e+22]
[ 4.03131930e+20 -1.40398079e+22]
[ 4.27325307e+22 -7.62283512e+22]
[-4.30802366e+21 -2.60719526e+21]
[ 2.27382409e+22 -1.61966547e+22]
[ 1.31050432e+22 -6.57836218e+21]
[-2.8166142e+21  6.1200713e+21]
[-9.25089223e+21 -4.03692154e+21]
[ 1.88646164e+22 -3.45057275e+22]
[-1.56797765e+23  4.86918419e+22]
[-1.49374957e+22  2.18187047e+21]
[-7.90973011e+20  3.24571913e+22]
[-2.11024815e+22  5.20455877e+22]
[ 1.25978099e+21 -1.59574463e+22]
[-2.23265283e+22  1.78806577e+21]
[6.08652287e+23 3.56453979e+22]
[-9.30311076e+20 -1.58063928e+22]
[ 2.63263420e+21 -1.26324291e+22]
[1.65817620e+22 1.30251581e+20]
[2.47493923e+22 9.06623080e+22]
[1.75936381e+22 7.30035822e+21]
[ 1.79697052e+22 -2.69126017e+22]
[ 4.02395426e+22 -2.66895256e+22]
[ 1.42800019e+22 -3.45704497e+21]
[-1.33350182e+21 -2.16138617e+22]
[-1.31339472e+22 -2.51314655e+22]
[-4.06288045e+22  6.21071051e+21]
[-9.65120640e+21  5.23928403e+22]
[ 2.02647753e+22 -1.26867655e+22]
[-2.46030316e+22  4.97518328e+21]
[ 3.36077307e+22 -4.33023270e+22]
[-2.59331649e+22 -2.25830461e+22]
[-5.64820506e+21  1.18390152e+22]
[2.37755346e+22 3.50064354e+22]
[-2.32776248e+22  1.61937734e+22]
[8.10042590e+21 1.37360012e+22]
[-1.03911646e+22 -1.56585112e+22]
[-1.10424350e+21  2.03093424e+22]
[4.21263520e+21 2.81765734e+21]
[5.41810466e+21 4.56911926e+21]
[-4.59749600e+22 -6.17362667e+22]
[-4.42862566e+21 -6.63830998e+21]
[ 8.21393693e+21 -3.43603285e+22]
[-6.50441999e+21  2.20801745e+21]
[1.95966201e+22 2.62057746e+22]
[ 2.07984710e+22 -3.60054919e+22]
[-2.44435274e+22  5.19687102e+21]
[-1.72929647e+23 -1.05060917e+23]
[-1.68780506e+22 -5.33973162e+20]
[-2.89793603e+21  8.59580366e+21]
[-1.32167301e+21 -9.67648872e+20]
[1.12800052e+23 8.45581802e+22]
[ 9.83034631e+20 -2.07446675e+22]
[-2.84968396e+22 -4.12108936e+21]
[-7.63478191e+21 -2.57814078e+22]
[-4.29700953e+21 -8.78252955e+21]
[-5.59784583e+21  6.05251443e+21]
[-3.38422792e+22 -2.81503445e+22]
[ 9.52089971e+22 -3.07271305e+22]
[ 4.89169501e+22 -6.63202119e+22]
[ 5.46611179e+21 -1.15247501e+22]
[-3.54216522e+21 -5.88390709e+21]
[ 1.02361588e+21 -7.73753994e+21]
[3.76987784e+21 6.81727860e+21]
[1.62086922e+23 7.41191904e+22]
[1.14656436e+22 2.98226273e+22]
[ 9.38867572e+21 -4.81370059e+21]
[-1.43170610e+22  3.70380895e+22]
[ 4.15740425e+22 -7.18976945e+21]
[2.04073486e+22 8.42413646e+21]
[-2.75022910e+21  7.32495585e+21]
[-8.20360142e+21  4.33850840e+21]
[-3.77506882e+20 -7.92213230e+21]
[ 2.21145169e+21 -1.63584342e+22]
[-1.33195127e+22 -6.98633248e+22]
[ 9.77061568e+20 -2.38927295e+21]
[-1.37397604e+22  1.61019097e+21]
[ 5.29429930e+22 -4.74296667e+21]
[9.76041747e+22 3.06956740e+23]
[3.58760082e+22 2.52321092e+22]
[8.21171677e+21 3.18133969e+21]
[2.01435120e+22 7.39554154e+21]
[-1.69629092e+22  1.50981616e+22]
[ 3.31352190e+22 -1.66010385e+22]
[-1.62070461e+22 -1.84609253e+20]
[-4.32382328e+21  2.51471410e+22]
[-4.59323222e+22 -3.45833523e+22]
[5.18901807e+21 2.16044745e+21]
[1.86230752e+22 5.21678391e+21]
[5.04227059e+21 1.79452012e+21]
[ 1.31960470e+22 -1.94583459e+21]
[-6.84310781e+22  2.72907880e+21]
[ 1.28003655e+22 -2.93567244e+21]
[-1.15181236e+22 -1.10818412e+22]
[-6.12736157e+21 -1.55442686e+22]
[-4.26136420e+21  1.42477157e+22]
[-5.33474285e+21  1.42543128e+21]
[2.66783223e+22 2.60479116e+21]
[-5.83098741e+21 -4.10397849e+21]
[-1.34050320e+22 -3.12149543e+21]
[-1.82735793e+22 -7.66899523e+20]
[2.55137042e+20 1.76221087e+22]
[ 1.42557117e+22 -1.44832576e+22]
[ 1.82696850e+22 -7.43307937e+21]
[ 3.98441939e+22 -4.24719432e+21]
[-1.37967459e+23 -2.55698305e+22]
[-6.16196596e+21 -8.40069720e+21]
[1.00926753e+23 7.25853288e+22]
[7.45278838e+20 8.50232166e+21]
[ 4.46254338e+22 -4.77593338e+22]
[ 1.04768111e+22 -1.35052479e+21]
[9.02144548e+20 9.97184500e+21]
[ 4.19337386e+21 -4.33464764e+21]
[-1.68126933e+22 -6.03460624e+21]
[-3.55232302e+22  1.07837101e+22]
[ 1.30370489e+22 -5.64234438e+21]
[ 5.57354485e+21 -4.04577486e+21]
[-2.99726079e+21 -1.44431299e+22]
[3.00456599e+22 1.42647815e+22]
[7.32676829e+21 3.23608779e+21]
[ 1.82898719e+23 -1.74978014e+23]
[-1.32353949e+21 -9.07139739e+21]
[-9.93150302e+19 -1.69239153e+22]
[ 4.25331356e+21 -4.17794541e+21]
[-5.01273982e+21 -4.12845808e+22]
[-8.34362061e+22  1.77541388e+22]
[ 9.57589982e+23 -7.10491386e+23]
[-1.05111751e+22  8.59476163e+20]
[1.96567958e+21 4.43904711e+21]
[-7.57215391e+21 -6.05781306e+21]
[-1.08778961e+22 -1.36836206e+22]
[-6.93603430e+21  8.96020872e+21]
[-1.24037945e+22 -6.68332537e+21]
[ 3.75246512e+21 -2.97312882e+21]
[9.79977848e+21 9.87999162e+20]
[-1.15964159e+22  2.07451500e+22]
[-4.97777724e+21 -1.27121971e+22]
[1.03120494e+22 1.08236182e+22]
[3.17232282e+22 1.86387662e+22]
[ 7.58208398e+22 -1.95070072e+22]
[ 5.86020078e+21 -8.00460066e+20]
[ 1.90272548e+21 -1.99024817e+22]
[ 8.02874512e+21 -3.58619691e+22]
[ 1.47976670e+22 -1.49202666e+22]
[ 1.65542499e+23 -1.98464925e+23]
[-6.65718041e+21 -1.18315419e+22]
[-3.83952633e+21  2.39873107e+21]
[ 1.65827787e+25 -4.35374624e+24]
[1.32696533e+22 4.41204387e+21]
[-3.63882680e+21 -1.07066407e+22]
[-1.40657284e+23 -3.38615378e+23]
[6.30658581e+21 7.28981299e+21]
[-6.80580974e+22 -7.61296003e+22]
[6.80020824e+22 2.20488255e+23]
[3.07751099e+22 3.36414987e+21]
[-4.27590989e+21 -1.34925685e+22]
[-9.12726716e+21  9.72485084e+20]
[-4.55369700e+22  2.09858877e+22]
[-1.99898215e+22  1.10852039e+22]
[-4.36137094e+22 -1.05994494e+23]
[1.24751832e+22 6.33416852e+20]
[-1.66072100e+22  5.40093902e+21]
[ 5.55741282e+21 -4.38170644e+21]
[-2.48036537e+22  1.03437760e+22]
[1.34866525e+23 3.48716724e+23]
[1.38159348e+21 2.57504723e+21]
[-3.41308073e+21 -1.42288484e+22]
[ 2.31098414e+22 -6.38156473e+21]
[-5.44060733e+22 -1.73196066e+22]
[5.54345873e+22 1.34533032e+21]
[-1.19433135e+22 -8.95280600e+21]
[-9.20895576e+21 -5.52520328e+21]
[ 1.09330599e+22 -4.51295808e+21]
[-1.05481256e+22 -1.20278066e+22]
[-1.06506553e+22  2.47385699e+20]
[1.14251826e+22 1.32526622e+21]
[-1.78305010e+21 -8.04166685e+20]
[ 5.70313492e+21 -3.87420998e+21]
[1.73624329e+22 1.40655670e+22]
[-5.28389108e+21 -1.42034413e+22]
[ 2.11540387e+22 -1.53024258e+22]
[-1.50594533e+22 -1.19145724e+22]
[ 4.36189469e+21 -2.87008334e+21]
[-5.83910057e+21 -2.14347481e+22]
[2.12532560e+22 9.26246683e+21]
[-1.25876042e+22 -8.04050361e+21]
[ 8.67462166e+21 -9.23990762e+21]
[-1.56977738e+22  8.87755066e+21]
[-2.68455035e+21 -4.96018518e+21]
[-6.88834442e+22  1.43030230e+22]
[-4.25598753e+22 -5.86364898e+22]
[-4.16844651e+21  1.05897798e+22]
[-1.86250498e+22 -1.12983398e+21]
[ 9.95569414e+21 -2.92144974e+21]
[ 2.67276540e+21 -9.51827855e+21]
[-6.52826797e+22 -2.70768690e+22]
[ 5.60670321e+22 -6.47169007e+20]
[3.56492296e+22 7.74728211e+21]
[ 1.43932090e+22 -4.77935669e+22]
[ 3.01613489e+21 -2.68701891e+22]
[-4.91412995e+21  1.56223050e+22]
[-1.75956323e+23  2.98592884e+23]
[1.26349441e+22 6.73408436e+21]
[1.11339961e+22 3.77975221e+21]
[-3.99464083e+22  1.93201987e+22]
[-1.42446338e+22  3.88952076e+22]
[-4.27926798e+22  2.28574383e+22]
[ 2.95204102e+22 -7.50923123e+21]
[-1.15401775e+22 -2.02759372e+21]
[1.47320128e+21 4.89371885e+20]
[-1.33910347e+22 -4.26989461e+22]
[-1.56585091e+22  1.27853257e+22]
[ 9.29364295e+21 -1.28467277e+22]
[ 5.58551963e+20 -1.32878472e+22]
[2.51892671e+21 8.00852871e+21]
[ 1.56745579e+22 -2.03398913e+21]
[-4.1960121e+21  9.3413213e+21]
[2.42764092e+22 1.68483627e+22]
[ 1.19262560e+21 -9.32359965e+21]
[-5.46301871e+20 -1.10518059e+22]
[-1.99573768e+23  5.44727293e+23]
[4.19352423e+21 3.93426844e+22]
[ 4.16999303e+21 -2.74748756e+21]
[1.61560728e+21 1.14234348e+21]
[1.68318478e+22 4.34338632e+21]
[2.55401624e+21 6.00233003e+21]
[1.30838631e+22 6.84559991e+21]
[-1.26688120e+23 -3.42248328e+22]
[-4.85479380e+22 -5.95738671e+22]
[7.22991475e+22 1.59157283e+23]
[ 2.68299117e+22 -3.09693851e+21]
[-2.94243719e+22 -8.32684348e+22]
[-7.06875325e+22 -1.76264713e+22]
[-7.28535043e+21 -3.09182867e+21]
[-5.67981244e+21  1.11359709e+22]
[-1.67304454e+22  8.18334546e+21]
[ 2.64022945e+22 -3.66370474e+22]
[1.45961655e+22 2.79914328e+22]
[ 1.12330710e+22 -2.31152059e+22]
[-4.28601305e+22  7.18118012e+22]
[1.54944313e+21 1.28376645e+22]
[8.51563338e+21 1.17962262e+22]
[4.83125453e+21 8.71263200e+21]
[-7.16304311e+21  3.42722356e+21]
[-9.32342102e+22  1.14085434e+23]
[-9.92819592e+21 -1.69469088e+22]
[-3.03635370e+22 -1.20414083e+22]
[-2.47801831e+22 -4.81336403e+21]
[-7.33238191e+21 -6.16352042e+21]
[-1.06493298e+20  4.38934839e+22]
[1.32456620e+22 1.00903516e+21]
[-5.45647866e+22  4.61263709e+22]
[-3.51105331e+22  1.11134220e+22]
[-3.11548492e+22 -1.79262372e+21]
[-3.06786613e+20  2.27393330e+22]
[ 1.31102787e+22 -2.97409793e+22]
[3.11273250e+22 2.25111837e+22]
[ 1.31176227e+22 -2.90890542e+21]
[ 1.27260545e+22 -3.60403253e+22]
[6.97847425e+22 4.17635904e+22]
[ 4.49465435e+21 -1.43777754e+22]
[-4.57635897e+21 -1.17166669e+22]
[2.45327418e+22 6.61515233e+21]
[-1.99147769e+21 -1.95819006e+22]
[-1.46667839e+22 -8.31228406e+20]
[1.2223098e+22 6.4105974e+22]
[-5.25593908e+20 -8.00800974e+21]
[3.08517088e+22 3.97938179e+22]
[ 5.20156569e+21 -3.57353040e+21]
[7.87268363e+21 1.05447982e+22]
[2.52401787e+21 5.22198520e+21]
[-3.42347497e+20  7.03736256e+21]
[-1.40711296e+22 -2.12130105e+22]
[-1.17048155e+21  5.21888014e+21]
[ 1.83191420e+22 -8.88325729e+22]
[-6.68706889e+22  6.46771844e+22]
[1.76975437e+22 4.50552322e+21]
[ 9.40780839e+21 -2.36017258e+22]
[1.37706679e+22 6.11845245e+21]
[-1.91099926e+23  6.44896294e+23]
[-3.01731177e+22  6.54833270e+22]
[ 8.33681549e+21 -4.30031860e+21]
[4.57438529e+21 2.67710231e+21]
[-1.31125803e+22  1.73740644e+22]
[1.07165717e+22 5.54853208e+21]
[-1.19219782e+22  9.06766402e+21]
[ 3.69700258e+21 -3.20287641e+21]
[ 3.57992861e+23 -1.55761083e+24]
[-1.22109877e+22  1.36173087e+22]
[ 5.08522584e+21 -1.62047268e+22]
[-7.28692477e+21 -7.85580578e+21]
[ 1.61080136e+22 -1.92212144e+22]
[ 4.16709822e+21 -1.33582269e+22]
[1.13307109e+21 1.86450564e+22]
[ 6.11859495e+21 -1.50940179e+22]
[2.16658688e+21 6.69721957e+21]
[6.24456045e+21 1.65465518e+22]
[-6.46311603e+21  5.85833523e+21]
[ 3.88346740e+22 -7.05573627e+22]
[4.53032649e+22 7.92572709e+21]
[-5.47777988e+22  1.40053673e+23]
[ 4.39647966e+21 -7.09890138e+21]
[8.22530754e+22 1.07836774e+22]
[-2.29817326e+21 -6.51056380e+22]
[1.92171217e+22 9.13237989e+20]
[1.23799827e+22 2.86701724e+22]
[7.71404250e+22 4.78526183e+22]
[-2.69482463e+20 -3.83533097e+21]
[ 4.73780967e+21 -3.84085363e+21]
[-7.53120380e+21 -2.14058017e+21]
[2.30109557e+21 1.70790665e+22]
[1.06531541e+21 1.99549110e+22]
[ 4.07484730e+22 -2.71196849e+22]
[-1.15225754e+22  1.30201690e+22]
[-2.03753956e+22  3.67239961e+21]
[ 1.00536893e+22 -1.75702207e+22]
[-3.87707694e+22  2.35447915e+22]
[-4.20105259e+21 -5.24648575e+21]
[-1.64288998e+23 -2.86663752e+23]
[ 6.71534013e+22 -4.46508404e+22]
[-1.90583625e+21  4.92526563e+21]
[1.01777885e+22 1.01497283e+22]
[ 1.86564409e+21 -3.66652736e+22]
[2.71928663e+21 5.40311977e+22]
[-3.01473669e+22 -8.36294632e+21]
[ 1.47156614e+22 -1.86482900e+22]
[ 2.50290041e+21 -2.64002484e+21]
[-2.04430092e+21  1.09144407e+22]
[-1.00898272e+23 -3.11921224e+23]
[-4.62593799e+21  2.50430367e+22]
[-1.35987597e+22  1.13914694e+22]
[-3.09158830e+22  2.28745425e+22]
[-1.09755987e+22 -1.63113288e+22]
[-1.97601656e+22 -1.01509485e+21]
[-7.15970933e+20  7.48890622e+21]
[-1.29791921e+22 -2.97904830e+22]
[-3.82151874e+21 -6.17868127e+21]
[ 1.76450611e+22 -1.48467486e+22]
[-6.16881176e+21  1.44436968e+21]
[-2.10855475e+22  3.78174449e+21]
[-7.81894766e+21 -1.78660801e+22]
[-3.42411411e+22  1.95992584e+22]
[-5.42935386e+21  5.30623483e+21]
[ 8.06046889e+21 -2.90838200e+21]
[ 1.86790517e+21 -2.50929283e+22]
[1.45559076e+21 3.14588305e+21]
[-2.03144366e+20 -9.72445046e+20]
[ 5.52660177e+22 -2.39892380e+22]
[-8.80392252e+20 -1.13034768e+22]
[-5.67670845e+21 -1.22384689e+22]
[1.23881858e+22 1.36804722e+22]
[ 3.64479452e+22 -2.66640971e+22]
[ 6.04709624e+22 -2.35869618e+20]
[ 2.08712044e+22 -1.90285569e+21]
[-2.89017274e+22 -2.84820071e+22]
[-2.59056906e+21 -2.20864802e+22]
[3.38386747e+21 4.97231089e+21]
[-1.56537692e+22  2.33188356e+22]
[-1.71100654e+24  1.32514624e+23]
[-6.76104741e+21  8.15752156e+21]
[ 1.74860564e+21 -9.29743045e+21]
[ 3.24564485e+22 -7.63349261e+22]
[-2.44397267e+22 -2.01074273e+22]
[ 4.06763972e+22 -5.69934576e+21]
[ 2.43065701e+21 -1.87700547e+22]
[-3.74528263e+21  6.02427827e+21]
[-6.71758220e+21 -2.51007857e+20]
[-9.21437096e+21  2.63704044e+21]
[-5.84719419e+22  1.21837983e+22]
[ 3.00082238e+22 -3.91509227e+22]
[ 4.81355156e+20 -6.39124111e+21]
[2.42151042e+22 7.83227881e+21]
[-3.89313565e+21 -1.24410211e+22]
[ 7.80255828e+22 -9.19313022e+22]
[-3.16179574e+22 -5.24152114e+21]
[-1.57678779e+22  4.90121095e+21]
[-4.86172544e+21 -1.12113485e+21]
[ 8.25777857e+22 -1.34648186e+22]
[-8.58754674e+21 -1.91402159e+22]
[ 3.73666740e+21 -3.88042158e+21]
[-8.75489594e+22  9.54048158e+22]
[ 1.01740442e+22 -7.19652116e+21]
[-6.01607674e+22 -6.55557213e+21]
[-4.92869498e+23  1.39782123e+24]
[ 2.16266989e+22 -3.61251411e+21]
[ 1.74806674e+22 -6.01105786e+22]
[ 3.93821124e+21 -1.65488019e+22]
[-2.21884802e+21  2.58657617e+22]
[-8.37942095e+22 -4.15480310e+22]
[-2.75003808e+21  3.00642395e+21]
[-4.48051190e+20 -3.65673969e+22]
[ 1.03593662e+21 -2.40473154e+22]
[-1.56260320e+22 -9.28597282e+21]
[4.31974400e+22 2.25666051e+22]
[-2.40782204e+22 -5.34929234e+21]
[8.01450976e+21 8.61204472e+21]
[-7.81247010e+20 -7.11663357e+21]
[-2.89852435e+22 -8.39909381e+21]
[ 4.16284470e+21 -7.71417301e+21]
[1.03775418e+22 2.11859230e+21]
[ 1.89003263e+21 -5.07238296e+21]
[-6.93524388e+22 -1.66961705e+22]
[-3.27106776e+21  4.07571947e+21]
[1.92076295e+21 2.43899193e+22]
[-2.52251271e+21  1.85604876e+21]
[-1.53293474e+22  1.74875516e+22]
[-2.04758839e+21 -1.89808271e+22]
[-2.87883461e+20  2.20182817e+21]
[9.45916217e+21 6.44284728e+20]
[ 2.07015005e+22 -3.79275218e+22]
[ 3.54527137e+22 -2.32552327e+22]
[-1.88079320e+22 -2.26211271e+21]
[-8.80281733e+21  1.27606926e+19]
[2.21318087e+22 1.32496779e+22]
[1.20984745e+22 3.50573147e+22]
[-1.41532758e+22 -1.19608119e+22]
[7.10993255e+22 6.08911229e+20]
[1.51577442e+22 2.99287845e+22]
[5.12314826e+21 5.96433135e+21]
[2.24517755e+22 1.57500017e+22]
[ 8.09605818e+21 -1.00867126e+22]
[1.60608878e+22 8.27710381e+21]
[-1.14745723e+22 -1.34664793e+22]
[-1.53565200e+22  1.33030306e+22]
[1.23598064e+22 1.05168396e+22]
[ 1.52854884e+22 -1.53740079e+22]
[2.16973973e+22 1.06398293e+22]
[-1.42057393e+22  2.18700550e+22]
[ 5.61274734e+21 -1.70095671e+22]
[7.63387053e+21 3.30052893e+21]
[3.21948065e+21 6.99506468e+21]
[1.60741005e+22 3.52017009e+21]
[-3.43778358e+22 -6.71664257e+21]
[-1.62143922e+21  1.99822041e+21]
[-2.31493087e+22  4.16583591e+22]
[-1.86300363e+22  8.49429536e+21]
[-3.75918390e+22 -2.55090795e+22]
[ 8.31887187e+21 -2.89885108e+22]
[1.19621937e+22 5.90440867e+21]
[ 2.11215927e+22 -1.89980253e+21]
[-7.66899031e+21  9.74594486e+20]
[1.42683735e+22 2.08349199e+21]
[ 3.09492369e+22 -1.42209893e+22]
[ 6.54332564e+22 -1.16979827e+22]
[-3.55014882e+21 -1.28378760e+22]
[ 4.05779581e+21 -6.60301451e+21]
[ 1.36069906e+22 -1.07546499e+22]
[-1.80142747e+23  1.85923862e+23]
[-6.43614854e+21  5.03803794e+21]
[-3.23272023e+22 -5.81016737e+21]
[6.30966812e+21 2.53793162e+22]
[-2.24843548e+21  1.84859993e+21]
[2.20651607e+21 3.95196574e+21]
[-4.46846704e+20 -2.39803756e+22]
[ 9.53977241e+21 -2.81221494e+22]
[ 2.77779007e+21 -1.44186491e+22]
[1.63842349e+21 6.93202215e+21]
[9.12427408e+22 3.11333444e+23]
[-6.68098642e+21  7.41576698e+21]
[-6.22552260e+22  1.72740004e+22]
[1.37946848e+23 4.73392519e+22]
[-2.79179943e+21  2.30606075e+22]
[7.33124309e+21 9.44564012e+21]
[-1.86264645e+20  2.82038530e+22]
[-2.54020793e+21 -7.62208636e+21]
[-1.87891615e+22 -8.80987703e+20]
[-1.82292203e+22 -1.74350502e+22]
[ 1.29073972e+23 -1.35077465e+22]
[-6.39098089e+21 -1.03960314e+21]
[-3.08325448e+21 -2.13817670e+20]
[ 2.92520186e+21 -8.08843523e+21]
[8.67320311e+21 9.81316750e+20]
[-3.41476991e+22 -2.17539012e+22]
[-6.10278764e+22  3.23202584e+22]
[ 2.66126917e+21 -7.90313569e+21]
[ 1.84062977e+22 -3.16654203e+22]
[-1.06547954e+23 -1.75141551e+22]
[ 1.09031272e+22 -6.24839825e+21]
[-2.18529289e+22 -4.17285715e+21]
[3.64431438e+20 4.60532211e+21]
[-1.46850913e+21  5.84715820e+22]
[-6.36637727e+22 -3.35663654e+22]
[-2.79332485e+20  1.57600294e+22]
[ 8.45745811e+22 -6.16116692e+22]
[ 9.44861706e+22 -3.42094965e+23]
[-7.35294655e+21  9.66367023e+21]
[ 9.48208792e+20 -4.62635305e+22]
[-3.46986697e+21  4.42014211e+21]
[ 1.12105985e+22 -5.08238036e+21]
[-1.37243150e+22 -2.02976671e+22]
[-2.85440737e+22 -2.45275726e+22]
[-9.67052109e+21 -8.53936021e+21]
[-1.18080589e+22  4.66098801e+20]
[-1.51441460e+22  1.07080728e+22]
[-9.96807605e+19 -1.52832534e+22]
[-1.63945148e+23  1.10584758e+23]
[-1.91338546e+21 -3.92559926e+21]
[-1.05543439e+23  6.24346797e+22]
[2.12875872e+22 7.10166355e+21]
[-2.31679639e+22 -1.22535996e+22]
[ 2.14898875e+22 -7.58330298e+20]
[-1.26926044e+22  8.36236690e+20]
[1.07941829e+22 8.89669033e+22]
[-2.76287630e+21 -7.67765011e+21]
[-1.44306209e+22  1.27533717e+21]
[-8.29540478e+21 -8.69093974e+21]
[2.12206559e+21 5.76365925e+21]
[-6.07575975e+21  9.31665304e+21]
[ 2.39571969e+21 -1.46169163e+22]
[1.34887349e+22 4.51333696e+22]
[-5.25572938e+21 -5.12226346e+21]
[ 4.72142999e+23 -8.75238253e+23]
[ 2.11762191e+21 -1.32696929e+22]
[-6.26933606e+21  2.48487381e+22]
[1.75748994e+22 1.29473417e+22]
[7.20918902e+21 9.52874125e+20]
[1.31769467e+22 4.63268569e+22]
[ 3.33520241e+21 -9.07438664e+21]
[-1.92127049e+23 -1.99560543e+23]
[-3.58286588e+22 -1.11844983e+20]
[2.82859556e+22 4.23954716e+22]
[-1.23391369e+22 -2.38781966e+22]
[-3.17507490e+22  4.89182542e+21]
[-1.59567641e+23 -3.53604882e+22]
[ 1.06731641e+22 -6.93372134e+21]
[1.11998482e+21 2.44936793e+22]
[3.94949063e+22 9.10447217e+21]
[-4.17533780e+21  1.13479895e+22]
[7.92542010e+21 1.69156501e+22]
[8.82605606e+21 1.44479089e+22]
[ 3.53783528e+21 -8.48427402e+21]
[ 4.54423354e+21 -1.29545467e+22]
[ 1.42050022e+22 -1.52061742e+21]
[2.58073314e+22 3.67479956e+22]
[-2.73888178e+22 -3.28230944e+22]
[ 3.25920692e+21 -6.56412566e+21]
[1.17058617e+22 3.80332298e+20]
[-1.28992775e+22  9.19549351e+21]
[2.01834122e+22 2.87249792e+21]
[-2.37453741e+22 -2.11863042e+22]
[1.64091103e+22 3.33060376e+22]
[-2.40338330e+23 -1.80390089e+22]
[-1.00490834e+22 -1.11035247e+22]
[-1.16296265e+22  1.81401840e+22]
[1.40417381e+22 2.66110889e+22]
[1.75549101e+23 1.53664146e+23]
[-8.93717379e+21 -5.51735703e+21]
[2.05206021e+22 2.32712383e+21]
[1.62669796e+21 1.14711176e+22]
[1.58673190e+22 8.45433088e+21]
[1.57674782e+21 6.05256479e+21]
[1.71438741e+22 6.66181266e+21]
[-1.73577475e+22  1.97804833e+22]
[-4.32435561e+21  7.53422339e+21]
[8.54194005e+21 1.43948176e+22]
[3.01298411e+21 5.78662946e+21]
[ 6.79352440e+21 -3.97392078e+21]
[1.20288497e+22 5.59343354e+21]
[9.38538309e+21 2.20693618e+22]
[-1.37111226e+22  1.99922771e+22]
[-1.53454016e+21 -2.19960949e+21]
[ 1.02915980e+22 -7.20632665e+21]
[-2.70123310e+23 -2.72190697e+23]
[-9.28976393e+21 -1.22501647e+22]
[-1.05942287e+23 -9.30801002e+21]
[ 4.49554206e+22 -6.55899682e+21]
[ 3.57290663e+21 -1.41676599e+22]
[-2.01698393e+22 -6.43651953e+22]
[ 4.22980856e+20 -1.12145924e+22]
[-1.23775739e+21  2.00265413e+22]
[-2.21617391e+21 -2.70135562e+21]
[ 2.90941620e+22 -1.20437108e+22]
[-1.25205608e+22  3.35043326e+21]
[-2.08463168e+22 -8.12023570e+21]
[ 2.65441633e+21 -5.88648808e+20]
[ 2.51318243e+22 -1.59324149e+21]
[-4.73120446e+21 -4.44948313e+21]
[5.32067613e+21 3.74999714e+21]
[1.57423978e+21 5.09713190e+21]
[-3.77279708e+21 -1.05624907e+21]
[4.69982362e+21 6.54399587e+21]
[-1.70050450e+22 -9.38911166e+21]
[ 3.78351293e+21 -6.32133188e+22]
[4.74117362e+21 7.85135124e+21]
[-1.90966679e+23 -2.55951388e+23]
[-9.64801795e+20  3.77459124e+21]
[-3.87520284e+21 -4.87077686e+21]
[ 1.40579532e+22 -5.29570956e+20]
[-2.81462308e+21  5.76882654e+20]
[-2.39708531e+23 -5.58331451e+22]
[1.41609917e+22 8.46349721e+20]
[-1.12842865e+21 -3.70989087e+21]
[ 1.80120842e+20 -1.26421114e+22]
[-7.75403664e+21 -1.40190568e+21]
[-2.63789911e+22 -1.16172397e+22]
[-3.02337532e+22  7.44325835e+20]
[1.42532815e+22 1.21397743e+22]
[-2.35556999e+21 -1.01444181e+22]
[ 4.64896229e+21 -1.87754551e+22]
[3.88675573e+21 3.10063823e+22]
[-1.25926277e+22 -7.42277686e+21]
[-3.50573815e+23 -8.19030709e+22]
[-2.11381885e+21 -6.09724238e+21]
[3.57679800e+22 2.47271347e+22]
[-1.04125597e+22 -1.66139135e+22]
[-1.96271321e+22  1.24030348e+22]
[-1.12840403e+22  5.56674734e+21]
[-5.57900402e+22  6.53836398e+22]
[-1.86178468e+21 -8.51183960e+21]
[ 1.71786880e+22 -1.22933739e+22]
[1.10553901e+22 8.85326037e+20]
[ 7.03243224e+22 -2.87027767e+22]
[-5.39851047e+22  2.10073087e+22]
[-1.87770658e+22  8.40967465e+21]
[-1.14167513e+21  2.51886734e+21]
[-3.59926607e+21 -5.63041843e+20]
[-9.46298767e+21 -4.33675451e+21]
[-6.09907252e+22 -1.05589515e+23]
[ 2.02320267e+21 -3.37970226e+21]
[-1.95135691e+22 -6.05419588e+21]
[ 5.98908545e+21 -1.14374458e+22]
[9.48796509e+21 1.48545748e+21]
[ 4.19730135e+21 -1.90433445e+22]
[-2.18652739e+22  2.19899908e+21]
[-4.90799294e+21 -1.43272150e+22]
[1.70220201e+22 2.26972379e+22]
[ 2.09810996e+22 -3.36706351e+22]
[-9.74534968e+21  2.24194369e+20]
[-1.95979022e+22 -2.64903779e+22]
[-2.02365814e+22  1.86077760e+20]
[4.89446115e+21 7.12027009e+21]
[2.46426666e+23 2.64637252e+21]
[1.10918946e+22 3.86386629e+21]
[1.70635685e+20 2.38813887e+22]
[2.88353751e+22 3.87592582e+21]
[1.7466331e+22 5.7443922e+20]
[-1.39428187e+22 -4.88702906e+21]
[-7.24366237e+21  1.95386002e+22]
[ 5.17043434e+22 -4.26101638e+21]
[-4.01163373e+19  1.58639022e+22]
[-3.10692408e+21  1.88962412e+22]
[-8.02838355e+21  1.65242610e+21]
[8.18400786e+21 6.34964110e+21]
[-3.92205522e+22 -2.15554839e+23]
[ 2.90802176e+22 -3.05566643e+22]
[3.59335591e+22 5.54084179e+21]
[-8.67572170e+21  1.58277895e+23]
[8.57796011e+21 1.07656017e+22]
[-2.38693461e+22 -6.37501404e+22]
[-2.07930073e+22  3.28838419e+22]
[ 7.27508965e+21 -2.53608096e+22]
[ 1.85984051e+22 -5.88637330e+22]
[ 1.05341468e+22 -3.95168042e+21]
[-3.26886354e+22  1.45485967e+22]
[-9.51723292e+21 -9.41466695e+21]
[3.07933823e+21 2.45755324e+21]
[ 6.61766105e+21 -5.15259693e+21]
[-3.52340608e+21 -7.25799666e+21]
[1.26855889e+21 2.41209149e+22]
[-1.47375512e+22  3.47174768e+21]
[ 9.24453171e+21 -8.65575014e+21]
[1.70175861e+22 3.01543126e+22]
[5.46398939e+21 4.99067061e+21]
[1.01877978e+22 2.81721905e+22]
[-1.73758650e+22 -1.60223547e+22]
[-1.28414775e+21 -1.60850641e+22]
[ 1.36785305e+22 -5.38283121e+21]
[-2.87609970e+21 -5.59289259e+21]
[-1.94947899e+22 -7.98423924e+21]
[1.02818199e+22 1.11989804e+21]
[ 6.05562736e+21 -5.58629144e+20]
[ 1.79935140e+23 -1.64084243e+23]
[-6.72168904e+22 -7.20696079e+21]
[-6.39166765e+22 -1.42582841e+22]
[ 1.17882208e+22 -5.48633440e+21]
[-2.91710345e+22 -8.28233091e+22]
[ 1.31356210e+21 -1.12202612e+22]
[1.10624458e+22 4.16919366e+20]
[-7.6611337e+21 -1.8601380e+22]
[-2.69646812e+22  3.47973890e+22]
[ 1.11057740e+21 -2.79733176e+21]
[8.68141557e+23 2.76472841e+23]
[1.13083369e+22 6.29473785e+21]
[-1.05394256e+22  8.69611748e+20]
[ 8.64164108e+21 -1.23411528e+21]
[-2.28180434e+22 -2.11430792e+22]
[8.17862982e+21 2.24138366e+22]
[-2.77621887e+23  5.11124789e+22]
[ 1.65515922e+22 -1.02849149e+22]
[1.74869111e+21 9.23304519e+21]
[-1.67460604e+21 -6.70792587e+21]
[7.19726416e+21 1.09351030e+22]
[-7.50134719e+22  6.85113669e+22]
[2.85514177e+22 2.19246186e+22]
[ 3.40826838e+21 -1.85945913e+22]
[6.06626098e+21 2.72943176e+21]
[-6.47109925e+21  1.55187570e+21]
[ 4.76732437e+21 -6.47682667e+20]
[ 4.80319826e+21 -9.81565973e+19]
[2.25720266e+20 9.50695733e+21]
[ 1.79834511e+22 -1.42109115e+22]
[-6.50781208e+21  3.47710925e+21]
[-1.18500319e+23  1.56546759e+23]
[ 1.64433824e+22 -2.74693047e+22]
[-1.99794165e+22 -7.23961166e+19]
[-3.41407843e+21  1.45042795e+21]
[-2.45340820e+22  3.97234175e+22]
[-5.05336352e+22  1.23613782e+21]
[5.87656005e+22 1.42643395e+22]
[4.98045781e+22 2.52982857e+22]
[4.43606967e+22 3.95848251e+21]
[-1.21974670e+22 -5.66782856e+21]
[-8.47872015e+21 -1.06628799e+22]
[ 4.36603296e+22 -1.50908748e+23]
[-5.23041751e+22 -9.37190471e+21]
[ 5.91202641e+22 -1.17872698e+23]
[ 4.02035143e+22 -2.68358767e+22]
[-1.80940166e+22 -9.79250450e+21]
[ 2.38554791e+22 -7.41231990e+21]
[-1.07563716e+22  1.60439805e+21]
[3.01893518e+23 3.78924275e+23]
[-1.36862800e+21  1.19127772e+21]
[-6.87398426e+21  9.79801014e+21]
[-3.61709141e+21 -9.80911302e+21]
[-2.20143690e+19  1.74209677e+21]
[3.80676513e+21 4.42177453e+20]
[ 2.30665599e+22 -1.20180208e+22]
[-4.08164261e+21 -1.21945130e+22]
[-6.57738997e+21 -6.66362329e+21]
[ 9.86676144e+21 -5.11613115e+21]
[ 2.17231392e+22 -7.31242861e+21]
[ 6.55776542e+21 -2.06000278e+22]
[5.90909954e+22 2.70818002e+21]
[-1.07009115e+22 -4.35243037e+22]
[ 6.24414423e+22 -7.22787925e+21]
[ 5.56972286e+22 -1.68294122e+22]
[-2.15726515e+22 -1.07471026e+22]
[1.38289357e+22 2.78582577e+22]
[1.33149631e+22 5.79966823e+22]
[3.67729657e+21 7.54532859e+21]
[-5.81031118e+21  3.11473712e+22]
[9.41797204e+21 2.95802917e+20]
[-6.67469669e+20 -6.39283027e+21]
[-2.34716624e+22  3.71222633e+21]
[-1.17485183e+22  2.38671739e+22]
[4.17365114e+19 1.98459777e+21]
[-2.97336166e+22  6.27479181e+22]
[-4.33061094e+19  2.56032404e+22]
[9.36092093e+21 7.24108354e+22]
[-1.58576066e+22  5.40018643e+21]
[2.71952914e+22 1.86515374e+22]
[-1.73303895e+21  2.59061605e+22]
[-7.98869751e+21  3.13571246e+21]
[ 1.89501737e+22 -2.11248319e+22]
[ 2.24842019e+22 -1.88347537e+23]
[ 2.70005986e+22 -1.52955714e+23]
[2.67807920e+21 3.76961234e+22]
[-2.88700887e+22  1.97036542e+22]
[-5.73348798e+22  2.04999153e+22]
[-3.49887927e+21 -3.95833941e+21]
[-1.31259023e+22  7.98913737e+21]
[-1.79869222e+21 -4.88562344e+21]
[-3.41399285e+21  3.14663055e+21]
[-4.20138614e+22  3.26400649e+22]
[-2.48272163e+22 -9.75368179e+21]
[-7.67356750e+21 -3.78077849e+21]
[-5.15878453e+21 -4.01049849e+21]
[-3.68843791e+22 -2.58319096e+21]
[-1.11456109e+22  5.72103868e+20]
[-8.68227272e+20 -2.60839784e+21]
[1.45518632e+22 5.55082178e+21]
[-1.22464681e+24 -1.89860950e+24]
[1.47995623e+22 1.10720098e+23]
[ 2.47130815e+21 -8.05996490e+21]
[-4.79796795e+22 -4.59218701e+22]
[-2.24498548e+21  2.75550431e+22]
[-1.98446284e+22 -8.46098398e+21]
[1.82573444e+22 1.23302301e+22]
[-6.83995356e+22  1.82727682e+23]
[-3.36041608e+21  5.24058802e+21]
[ 1.37371418e+23 -6.50562658e+23]
[ 1.74182967e+22 -3.26705694e+22]
[-3.01152648e+22 -5.72643843e+21]
[1.40901475e+22 3.53059376e+22]
[-4.86302844e+21 -3.15147591e+21]
[-4.49283053e+21  8.79874801e+21]
[-4.02992113e+20 -2.38590604e+22]
[ 4.57123610e+22 -3.96328293e+22]
[ 3.76075342e+23 -7.28667516e+22]
[ 9.14310464e+20 -4.41639585e+21]
[-6.11323919e+22  2.74245570e+22]
[5.24316959e+21 8.79662106e+20]
[6.24213064e+21 6.55020611e+21]
[-5.60498802e+22  1.49399195e+22]
[-1.34600433e+21 -2.63108699e+22]
[ 9.29698419e+21 -4.22675256e+22]
[ 1.54396473e+22 -9.53589875e+21]
[-1.42818957e+22 -4.42128676e+20]
[-1.96846312e+22 -1.78288518e+22]
[-4.19714829e+22 -1.86092308e+22]
[-1.51209893e+22 -2.24832637e+22]
[1.22402224e+22 2.90806507e+22]
[5.92063358e+21 3.04553416e+21]
[-7.42566158e+21  3.29366431e+21]
[5.79729366e+21 1.74529408e+21]
[1.03138040e+22 4.54660601e+21]
[6.14101870e+21 2.02386173e+22]
[-3.12275576e+21 -7.07767049e+20]
[-2.92701193e+22  1.73831241e+23]
[-4.66167192e+21 -2.96911940e+21]
[ 1.89116856e+22 -1.58385628e+22]
[-3.60966843e+22 -1.45419621e+22]
[-4.60912331e+22 -2.59962428e+23]
[-7.60172317e+21 -4.98926043e+21]
[-7.89241569e+21  4.72705569e+20]
[ 1.30704171e+22 -1.78648385e+21]
[ 8.93498163e+21 -9.22387135e+20]
[3.20339021e+22 1.66583866e+22]
[1.05719197e+24 8.03525120e+23]
[ 2.09417421e+22 -5.66158100e+22]
[7.09735373e+21 1.77441369e+21]
[4.44448791e+22 7.23765494e+22]
[6.01698423e+21 3.57760594e+21]
[ 9.79272788e+22 -1.83970320e+23]
[-1.52495800e+22  3.17810793e+21]
[ 9.63216987e+21 -2.41724748e+22]
[-7.31728714e+21 -7.07889852e+21]
[2.92898330e+22 2.22830673e+21]
[ 1.13647054e+21 -2.04468415e+22]
[1.90411831e+21 7.24471598e+21]
[2.16895537e+23 1.84076412e+23]
[7.51192068e+21 3.08043218e+22]
[-1.21432382e+22 -1.80643836e+22]
[ 3.77868697e+21 -2.08767869e+22]
[-3.69947196e+21  9.33165264e+21]
[ 7.61072290e+21 -1.92534881e+22]
[ 4.34401913e+21 -1.55578823e+22]
[-3.42033089e+21  3.47138229e+21]
[ 2.62395084e+22 -5.11312766e+22]
[-2.03641774e+22 -9.97331044e+21]
[-1.45624088e+21 -7.18110797e+21]
[-2.04947078e+22 -4.01385244e+22]
[-5.08354568e+21 -1.15841609e+22]
[-1.78200304e+22 -8.82272783e+21]
[-1.56515569e+22  1.81219111e+22]
[ 5.11054989e+22 -5.23740174e+22]
[-1.46327402e+22 -5.13698476e+21]
[-1.61868746e+22  1.99422457e+21]
[-5.6986648e+21 -1.9018983e+21]
[ 6.35334179e+22 -2.61132794e+23]
[ 1.49634516e+23 -1.21202179e+23]
[-5.69119729e+21 -7.03213982e+21]
[-4.02507132e+21  2.06809312e+22]
[-3.53500076e+22 -6.34190591e+21]
[4.47854177e+21 7.15662426e+21]
[ 1.39225195e+22 -5.95202679e+21]
[1.80551569e+22 8.78177941e+20]
[-1.34042224e+22  3.69450445e+22]
[-1.08152991e+21  7.43888056e+20]
[-6.97772443e+21 -1.85228533e+21]
[ 2.19468103e+22 -1.52122506e+22]
[9.84185927e+21 1.08112529e+21]
[-9.26814051e+20  6.44890028e+22]
[-4.86397998e+22 -2.58314666e+22]
[-2.76745525e+22  5.53023888e+22]
[ 1.75198787e+22 -6.32559504e+21]
[-1.41132490e+23  3.43153769e+25]
[ 4.36372051e+22 -2.85005984e+22]
[-9.46492677e+20 -1.29350894e+22]
[-1.93812459e+22 -1.31184927e+22]
[-2.68878116e+21  1.13525855e+22]
[ 8.02931574e+21 -4.25867095e+21]
[ 5.61301548e+22 -7.23711738e+22]
[-6.24117612e+21 -5.21914427e+21]
[ 3.90951945e+21 -5.86221831e+21]
[-1.04995505e+22 -1.66237857e+22]
[-5.39959367e+21  2.76253544e+20]
[-9.02853626e+21 -2.43162481e+21]
[ 8.07577189e+22 -1.52041771e+22]
[ 8.28000700e+21 -1.95515599e+22]
[-7.54872631e+22 -7.48436035e+22]
[-8.86918611e+19 -5.83630650e+21]
[ 2.80816868e+22 -1.85093965e+22]
[-3.35132861e+21  8.40072602e+20]
[-4.50894443e+22  3.23523847e+21]
[-2.05303988e+21 -9.74091563e+21]
[ 1.27964034e+23 -1.83778686e+22]
[-1.35430607e+22 -3.73625417e+21]
[-3.63862289e+22 -1.36673199e+23]
[ 3.15193385e+22 -2.80368487e+21]
[4.60920398e+21 9.77842462e+20]
[-1.15916939e+21 -1.68191306e+22]
[-5.50146153e+22  3.74529269e+22]
[-1.43780989e+22  4.06297526e+22]
[-3.69046637e+21  1.19249594e+22]
[-3.73163146e+22  2.67899399e+22]
[-1.21420742e+22  2.81117352e+21]
[-2.04420018e+22 -2.02539057e+21]
[1.00098114e+23 7.98869484e+21]
[-5.84561803e+23 -7.85031001e+22]
[ 3.57979221e+21 -2.86963118e+21]
[6.02639950e+21 1.20328837e+22]
[-7.92252274e+21  1.89331442e+22]
[-7.28365651e+21 -6.78034971e+21]
[-2.58570459e+22  1.14630528e+22]
[-1.13828966e+21  1.53892546e+22]
[1.23077503e+22 6.26171368e+21]
[-2.32590166e+22  6.21781486e+21]
[ 1.72930908e+21 -4.40884641e+22]
[-1.47417143e+21 -3.59858600e+21]
[8.72717948e+21 1.86205300e+21]
[7.33671305e+21 3.64117314e+21]
[-1.67929461e+22 -2.53504066e+21]
[4.53429189e+22 7.76736573e+22]
[-1.72489428e+22  6.86988175e+21]
[ 2.24074530e+22 -8.63040835e+21]
[ 1.22996081e+22 -4.37103983e+21]
[-8.98458262e+21 -9.47593832e+21]
[-3.68865552e+22 -3.34255167e+22]
[-7.16407899e+22 -3.31677143e+22]
[2.42795177e+22 3.25707488e+21]
[-9.85091704e+21 -4.03280544e+21]
[1.44504186e+22 2.56902076e+22]
[-2.83499556e+21 -1.16696715e+22]
[2.59081642e+23 3.06167092e+23]
[ 1.50774875e+22 -2.00395221e+22]
[7.39066948e+22 2.32065785e+22]
[3.99099203e+22 5.51053231e+22]
[-2.75395207e+22  6.02147369e+22]
[1.09179956e+22 8.16998321e+21]
[-1.41677615e+22  1.68480411e+22]
[4.73317368e+21 5.92244821e+21]
[-1.08707648e+23  1.90939719e+22]
[-1.43582728e+22 -1.16224855e+22]
[1.18194565e+22 1.15128657e+22]
[4.47617778e+22 7.70176741e+22]
[2.04312083e+22 9.72455544e+21]
[-1.54789415e+21 -3.56077447e+21]
[-4.83845022e+21  2.73329962e+22]
[ 2.20870802e+19 -1.08126665e+22]
[1.58524148e+22 1.03750786e+21]
[ 6.59055524e+21 -7.64122927e+21]
[-6.20355522e+21 -1.50911420e+22]
[ 3.16985362e+21 -5.30820913e+21]
[-1.17579230e+22  3.36585131e+22]
[-1.90292721e+21 -5.08686118e+21]
[-5.47020802e+21  5.67354893e+21]
[-3.23639157e+21  3.50383145e+21]
[-2.87431211e+21 -4.88938933e+21]
[-1.33752348e+22 -1.59957665e+22]
[-6.51232368e+21  1.84991977e+22]
[-4.09010010e+21  5.87207883e+21]
[-6.18898117e+20  5.08876871e+21]
[6.24318580e+21 2.49888318e+22]
[5.62590944e+20 1.96980842e+22]
[ 1.01244210e+22 -9.93429233e+21]
[ 7.61560258e+21 -2.40891893e+22]
[-6.56374070e+21  4.89841887e+21]
[ 1.66752683e+22 -2.14896096e+21]
[-3.36300237e+21  2.11463951e+22]
[-9.05123545e+22  6.93442411e+22]
[-6.22603155e+21  3.65834223e+22]
[ 4.02770043e+20 -1.13575708e+22]
[ 1.1269128e+21 -3.2491481e+22]
[1.22907135e+23 2.75237212e+22]
[-3.71072708e+21  1.04099292e+22]
[-9.44396373e+21  2.64342016e+21]
[-2.13922861e+22  5.89234350e+21]
[ 5.37097742e+21 -2.03847283e+20]
[5.31110624e+21 1.18332661e+22]
[ 1.23536554e+22 -1.83202724e+21]
[-1.00415354e+22  2.63020001e+22]
[-9.73842808e+21  9.45423301e+21]
[-3.60736882e+22  2.23263432e+22]
[-2.45315653e+22 -3.52940773e+22]
[-6.27500827e+20 -5.01976629e+21]
[-2.20184384e+21 -1.05713561e+22]
[-3.00597643e+22 -8.87509115e+21]
[-4.06267973e+22  4.15234213e+22]
[-2.71159071e+22 -6.49375432e+21]
[-6.33759534e+21  3.02071372e+21]
[-1.47463993e+22 -1.38200874e+22]
[ 2.30677233e+22 -9.00029001e+21]
[-4.15346363e+21  6.36321017e+21]
[-5.08207654e+21 -8.84820376e+21]
[2.26273877e+22 1.75278306e+22]
[ 1.97056475e+21 -5.16973580e+21]
[-9.62449202e+21  6.97410734e+21]
[-1.88863434e+21  5.44098069e+21]
[-8.45330407e+21 -6.47406518e+21]
[-2.06531736e+23 -2.12881042e+23]
[-1.96791847e+22  1.84683506e+21]
[ 4.96403578e+22 -8.44198031e+21]
[-5.24629324e+20  1.44599140e+22]
[ 2.73607035e+21 -1.37432350e+22]
[3.42640138e+21 1.97421198e+22]
[3.26361544e+22 1.02701632e+22]
[-2.02605344e+22  2.35623605e+22]
[-6.55642681e+22  7.24832516e+22]
[ 1.50090919e+22 -2.06828931e+22]
[ 2.55282635e+21 -5.37283613e+21]
[ 5.24282611e+21 -6.61347804e+20]
[ 2.50543816e+21 -1.56291464e+22]
[-9.00360345e+21  4.28866438e+22]
[-7.65966764e+21  4.83146286e+21]
[5.41773968e+21 1.88751368e+22]
[1.15226344e+22 1.63007554e+22]
[ 3.01894611e+21 -6.08611963e+21]
[-7.38389951e+21 -7.49505168e+21]
[-5.29994978e+21  4.21685888e+21]
[ 4.30332911e+21 -1.05174387e+22]
[ 5.28164215e+21 -1.72174041e+22]
[ 6.09872436e+21 -1.51745173e+22]
[ 1.98399345e+24 -1.16764041e+24]
[-8.34915665e+21  1.35426886e+22]
[ 9.36512629e+21 -2.63513993e+22]
[-3.68282119e+24  1.02095216e+24]
[-1.71063200e+22 -5.65871399e+21]
[-2.59983710e+21 -9.88642991e+20]
[ 3.13656558e+21 -2.20611380e+21]
[-4.96776227e+21  2.28797604e+22]
[ 6.81413051e+21 -2.37103654e+21]
[-4.10717642e+22 -2.71399180e+22]
[-1.07115591e+22 -1.26385146e+22]
[ 5.27210704e+20 -5.14125765e+21]
[1.17481721e+22 3.06613562e+22]
[ 4.70783800e+22 -4.26072421e+21]
[-5.35405843e+21 -1.23019136e+21]
[ 9.43206883e+21 -4.50777956e+21]
[-4.36755571e+22 -3.00587615e+22]
[ 2.78504215e+21 -2.91640540e+21]
[2.06560804e+22 2.52131138e+22]
[7.90501098e+21 7.82658391e+21]
[-2.24930921e+21  1.28543099e+22]
[ 4.79220272e+21 -1.63905241e+22]
[-1.62072823e+22 -1.41080859e+22]
[-3.47258511e+22  2.73200261e+22]
[2.02003254e+21 2.13455345e+22]
[ 2.03027751e+22 -5.20625233e+21]
[2.06953838e+22 9.62704368e+21]
[ 8.04801049e+21 -2.67946886e+22]
[-4.15664149e+20 -6.97413969e+21]
[1.99490664e+22 2.40360189e+21]
[-9.27788524e+21  1.45634545e+22]
[ 3.62866097e+21 -7.49521583e+21]
[ 9.19061263e+21 -1.04864429e+22]
[-1.90746323e+21 -7.83886783e+21]
[-1.75223210e+22  2.77500335e+22]
[-8.53917537e+20  8.76646643e+21]
[-6.14056658e+21  4.92726751e+21]
[ 1.71231214e+22 -1.58632860e+22]
[-9.29214511e+21 -8.04678177e+21]
[-4.19022731e+22 -4.25391745e+22]
[-7.25304164e+21  1.38327369e+22]
[ 1.91461553e+21 -1.96688014e+22]
[2.51793821e+21 2.10590888e+21]
[-2.55488119e+21 -5.69467548e+21]
[ 7.76823967e+22 -8.27013200e+22]
[-1.02586805e+22 -2.32207814e+20]
[ 3.45498990e+22 -2.65391366e+21]
[ 3.90916456e+22 -1.39649296e+22]
[-6.23410622e+21  2.82427880e+21]
[3.08298939e+21 1.86706410e+22]
[1.62487686e+23 5.84020970e+22]
[ 8.53044305e+22 -7.19330952e+23]
[-7.87553883e+21  8.22259189e+21]
[ 1.42170197e+22 -3.93093103e+21]
[ 3.58214285e+22 -2.43934519e+21]
[ 1.03224793e+22 -1.34028598e+21]
[-1.46903619e+22  1.27034387e+22]
[1.90634360e+22 7.84025156e+21]
[ 1.49594562e+21 -9.36977492e+20]
[ 5.01482788e+20 -1.24140566e+22]
[ 7.89756091e+21 -9.24859481e+21]
[4.34819195e+21 3.95014083e+21]
[ 7.64479618e+22 -1.61230160e+23]
[ 1.39916184e+22 -2.60300992e+22]
[-3.46339437e+22  4.49267266e+21]
[1.20529060e+22 3.83118615e+21]
[-5.60045781e+21  3.23976006e+21]
[6.50745371e+22 1.92174183e+23]
[2.12414764e+22 1.99336200e+22]
[ 8.37664593e+21 -4.18690981e+21]
[1.59169463e+22 3.70956616e+21]
[ 4.98293800e+21 -5.45447027e+21]
[-4.79414091e+20  1.10405365e+20]
[-3.77763052e+22 -1.85579144e+22]
[1.84662214e+22 1.19933120e+22]
[-9.57657313e+21 -2.46914148e+22]
[4.06474710e+22 1.18754093e+21]
[1.66280471e+22 2.27784547e+22]
[ 7.05945678e+23 -4.41815655e+23]
[-7.24649750e+21  2.98169955e+22]
[1.23271533e+22 7.19210337e+22]
[-1.65226959e+22  9.57062532e+21]
[5.88050020e+21 1.68866946e+22]
[-9.51599382e+20 -6.45516470e+21]
[-2.37599626e+21 -5.19378089e+21]
[-7.40897302e+21 -1.02798685e+22]
[ 6.69828640e+21 -1.48781659e+22]
[ 9.99080274e+21 -8.52672038e+21]
[-6.10616393e+21  1.01171649e+22]
[ 1.49521535e+21 -8.09305185e+21]
[ 5.20397663e+22 -3.41351938e+20]
[2.25473158e+22 8.13257044e+21]
[-6.27750255e+20 -2.76012523e+21]
[-1.75411069e+22 -5.32995139e+21]
[ 3.17932423e+22 -4.02148299e+22]
[-3.27001078e+21  2.06371579e+21]
[-2.95464303e+21 -6.21810331e+21]
[-1.70626651e+22 -5.03748889e+21]
[-1.21210396e+22  3.28673389e+21]
[-1.76436444e+22 -2.91928270e+22]
[-5.32504894e+22  4.63635117e+22]
[1.45873625e+23 2.65828245e+23]
[-5.40328488e+21 -4.22112699e+21]
[6.17352165e+22 3.57269327e+22]
[5.57963395e+21 4.89840743e+20]
[ 2.79453521e+21 -2.27824191e+22]
[-2.49495855e+22  9.56037508e+21]
[-1.87398622e+21 -2.58201823e+22]
[ 2.59868380e+21 -3.41396476e+21]
[1.43230375e+21 9.97750165e+21]
[-1.00044298e+22  6.69994770e+21]
[-8.79105736e+21  2.56566810e+21]
[ 5.06543652e+21 -1.51405874e+22]
[ 1.06884192e+22 -6.64793831e+21]
[ 7.33064211e+19 -2.02052416e+22]
[ 2.62955320e+22 -1.34078885e+21]
[ 3.85644715e+22 -3.81049482e+23]
[-2.76649073e+22  3.80855601e+21]
[-4.38733850e+22 -1.84769486e+22]
[7.44154722e+22 3.79059343e+22]
[3.97906420e+22 4.70790579e+22]
[7.29922122e+21 1.51122045e+22]
[2.04917923e+22 8.71472694e+21]
[ 1.68748411e+22 -1.05102845e+22]
[4.86472853e+22 3.77871148e+23]
[9.62579151e+21 1.02747902e+22]
[-7.47551757e+21  2.14611492e+22]
[1.98564503e+21 1.15260110e+22]
[1.95846659e+22 2.43794078e+20]
[-9.13053127e+21 -1.17834830e+21]
[-1.06032418e+23 -2.25962032e+22]
[2.34455098e+22 9.38297117e+21]
[ 1.24176195e+22 -3.42050866e+22]
[-1.46112005e+23 -4.58009461e+21]
[-1.76379893e+22  3.45877570e+21]
[4.66613085e+22 1.61027739e+23]
[ 6.67473512e+21 -1.22141689e+22]
[1.66852184e+22 3.93347954e+21]
[1.27385702e+22 1.40158198e+22]
[ 1.65024186e+22 -2.87667518e+21]
[ 1.92492629e+22 -6.13703694e+21]
[-1.01509030e+22 -1.60506211e+20]
[-2.38956885e+22  2.12179135e+21]
[-3.32648678e+22  5.04228459e+20]
[-2.16302918e+21 -1.07206549e+22]
[ 5.57475655e+21 -2.42738851e+21]
[-4.26356151e+22 -9.65691038e+21]
[-6.03808586e+21 -7.88205834e+21]
[-2.71691111e+21  8.84024414e+20]
[1.71391737e+21 5.69830024e+21]
[-1.16551516e+22  7.98397104e+21]
[-2.80315594e+21 -1.22711787e+21]
[ 1.06602374e+22 -6.23041509e+21]
[-7.05450337e+23  4.80330652e+23]
[-6.30097385e+22  4.89708240e+22]
[3.18747223e+23 4.72794677e+23]
[ 4.26814741e+21 -5.07061458e+22]
[-3.49764628e+25 -1.57131921e+26]
[ 1.17319687e+21 -2.25107287e+22]
[-1.81240954e+22  2.20351805e+22]
[-1.08641817e+24 -8.17323888e+23]
[1.35335163e+22 8.33057356e+22]
[-2.82761743e+23 -3.72487689e+23]
[4.49842768e+21 5.93983556e+21]
[-4.30500199e+23  2.86120665e+22]
[-6.38046231e+22  7.76473361e+21]
[-1.93785528e+22  1.33196685e+22]
[-9.38417089e+21  3.32193628e+21]
[-9.22650164e+21 -1.40065979e+22]
[-1.16126617e+21 -1.95299421e+22]
[-3.53076949e+22 -3.97197518e+22]
[-1.95587178e+22  1.43629555e+22]
[ 1.76419116e+22 -2.83884282e+21]
[-2.51003456e+22 -7.93850227e+20]
[ 1.17725323e+22 -1.53122176e+23]
[-1.80451132e+22 -2.52422610e+22]
[-4.97339629e+22 -3.99623505e+23]
[ 1.22960693e+22 -1.84701635e+22]
[-4.44495500e+22 -3.40001086e+22]
[6.10742533e+21 3.39339440e+22]
[1.43248110e+22 1.20211839e+22]
[ 1.92480447e+21 -2.18903910e+22]
[6.69735623e+21 9.60973873e+21]
[2.82219151e+22 2.18549467e+21]
[ 7.56607386e+21 -7.41961485e+21]
[5.60857426e+21 9.62763709e+21]
[-3.23509122e+22 -8.30200825e+21]
[-1.58179369e+22  9.88115709e+21]
[-4.09889925e+22 -1.35607467e+23]
[ 9.43187623e+21 -6.23965571e+21]
[1.56551784e+21 5.88830015e+21]
[ 2.56713623e+21 -1.13680963e+22]
[-1.90288641e+22  1.15734273e+22]
[-3.91859476e+21  6.56040806e+21]
[1.56696610e+22 1.30161764e+22]
[-1.17716941e+21 -5.67188460e+21]
[ 3.00298056e+20 -1.13998586e+21]
[-1.32940309e+22  5.79781140e+21]
[-3.23173670e+21 -5.11827923e+21]
[-4.17605329e+22 -2.70616751e+22]
[-3.64984739e+21 -1.65946727e+22]
[ 5.29499437e+22 -6.98336384e+21]
[-5.27312261e+22 -4.77279303e+22]
[1.88267310e+22 3.19997037e+20]
[-1.34394247e+22  1.87530336e+22]
[-1.79504361e+22 -1.56224532e+22]
[1.33038365e+22 1.91431569e+21]
[-1.02518741e+21 -2.53924423e+21]
[1.93284056e+22 2.12390874e+22]
[-1.57326095e+22 -2.32893885e+21]
[-1.26307929e+22 -1.47382864e+21]
[-4.34760461e+21 -3.96553891e+21]
[-1.44626433e+21  2.03347738e+21]
[-1.19803747e+21  1.17475248e+21]
[ 2.76125755e+21 -1.40372872e+22]
[9.39688303e+22 5.58091395e+22]
[1.45896471e+22 8.78111009e+21]
[-1.78029499e+22  1.06679199e+22]
[-6.63843651e+21 -1.49736851e+21]
[-8.24838655e+22  5.99167234e+19]
[2.08889591e+22 1.57172481e+21]
[-4.33082636e+21  1.09695364e+22]
[1.72589564e+22 1.69954291e+22]
[-4.16490124e+22  3.80301364e+22]
[7.61572748e+22 9.49342246e+21]
[3.35711478e+22 4.41727134e+21]
[-1.02308377e+22 -4.30998089e+21]
[-9.14728444e+21  2.52799637e+22]
[-7.69251239e+21  2.96399157e+21]
[-1.71704979e+21  2.69951528e+22]
[-5.67750642e+21 -5.94722636e+21]
[ 4.01741376e+23 -3.00752436e+23]
[-9.44911621e+21 -7.19420006e+21]
[4.51846121e+21 1.63304911e+21]
[ 7.80442741e+21 -7.84027421e+21]
[-1.39572871e+22  8.74037860e+20]
[ 3.38903673e+21 -4.52482236e+21]
[ 5.12080330e+21 -1.50073343e+22]
[7.25542187e+21 3.18269336e+21]
[ 1.61622583e+22 -1.16058238e+22]
[7.95102356e+20 9.46669836e+19]
[-1.59398059e+22  1.21888840e+22]
[-1.072986e+22 -2.270988e+21]
[-3.78180278e+20  1.38004110e+22]
[4.72275311e+22 2.05659479e+22]
[ 1.30354654e+22 -1.80025788e+22]
[-5.33252704e+21  1.72984338e+22]
[-1.69591954e+22 -2.09814214e+22]
[ 1.43202398e+22 -3.67958378e+22]
[1.0105568e+17 4.9101571e+22]
[-5.26826922e+21 -6.93152824e+21]
[-1.36729657e+21 -1.91297018e+21]
[-1.06402060e+22 -9.00516003e+21]
[-8.98904417e+21 -9.98331746e+21]
[-2.45380569e+23  9.04843004e+22]
[ 1.30196898e+22 -9.83188868e+21]
[-4.64480911e+22  9.16471621e+22]
[-3.48645401e+21  4.35203424e+21]
[-8.75410311e+21 -1.09053196e+22]
[3.51324855e+21 1.62332998e+22]
[ 2.18597627e+21 -1.00669233e+21]
[-1.35398145e+21  2.23857491e+22]
[-3.51185913e+21  1.06811365e+22]
[-3.40526977e+21 -1.55281728e+22]
[-2.94490458e+21  9.34914277e+21]
[1.81558687e+21 1.23731126e+22]
[-1.28706623e+21 -7.97214261e+21]
[ 1.94624587e+22 -4.78791882e+21]
[ 4.96221245e+21 -1.93556614e+22]
[ 1.83573837e+23 -2.00533563e+23]
[-5.33158686e+21  5.13755086e+21]
[-3.03201361e+21 -6.79911400e+22]
[-1.67786529e+22  2.88278298e+21]
[-2.12218510e+22 -1.93455343e+22]
[-3.60896949e+22  3.91388756e+22]
[4.20699357e+21 2.57883014e+21]
[ 3.66768122e+20 -6.50383250e+20]
[6.68820350e+21 3.10476629e+21]
[-2.97878545e+21  7.48919992e+21]
[-1.13395425e+22 -6.60696228e+21]
[-1.26427973e+22  1.88236331e+22]
[-3.75175602e+21  2.72765422e+22]
[-1.01153207e+22  1.72813381e+22]
[ 7.82613200e+21 -4.01690314e+20]
[-7.47156850e+19 -5.15600373e+21]
[-3.01728947e+21 -1.66965827e+22]
[5.25900712e+21 3.77262601e+20]
[-1.79830008e+22 -8.22460332e+20]
[7.21566125e+22 2.85796742e+22]
[ 4.17300097e+22 -7.40852496e+21]
[3.52721568e+21 1.12246833e+22]
[1.81860386e+22 2.00007452e+22]
[-1.02018454e+22 -1.49853937e+22]
[-5.98421683e+23 -2.45038086e+23]
[-1.78144375e+22 -1.91285365e+22]
[-5.90104596e+21  7.91964365e+22]
[-1.06132419e+22  3.06462677e+21]
[ 1.49774453e+22 -2.85477099e+22]
[7.09577419e+21 1.96044471e+22]
[-2.78719348e+21  5.45364627e+22]
[ 4.99827363e+21 -2.42289002e+21]
[-1.00113268e+22 -1.10220202e+22]
[-1.66371703e+22  9.34169307e+22]
[-2.51995651e+22  5.66283364e+22]
[5.14967982e+22 3.68145321e+22]
[-1.29714405e+21  7.85898427e+21]
[-1.56543819e+21 -9.03802747e+21]
[ 5.83505350e+22 -1.18995114e+22]
[1.61664048e+22 1.20003680e+21]
[-1.75216473e+21  1.10201897e+20]
[5.59626096e+21 3.51940054e+21]
[-4.40290504e+21 -1.55436753e+21]
[-1.15614018e+22  7.61887260e+21]
[ 5.56073915e+20 -7.51751791e+21]
[-1.14578886e+22 -1.10882519e+22]
[ 1.94525281e+21 -3.82392654e+21]
[-5.36835556e+22 -8.52529004e+20]
[9.29784745e+21 2.69674326e+22]
[-4.72166425e+21  8.43062467e+21]
[-8.53232908e+21 -6.51055316e+21]
[-3.64915716e+20 -1.72864233e+22]
[ 1.36199378e+22 -3.84537526e+21]
[-6.67993046e+21 -1.60442706e+21]
[ 2.02913373e+22 -4.25907999e+20]
[6.91814594e+21 3.31556283e+21]
[ 7.94895491e+21 -2.72756131e+22]
[ 3.03185643e+21 -2.25731948e+22]
[4.38323181e+20 1.95750031e+22]
[-4.09721174e+21 -2.92103418e+20]
[-2.85549727e+22 -8.84615322e+21]
[6.55055036e+21 1.99582696e+21]
[-2.38976003e+22 -1.30543293e+23]
[-1.31821995e+22  2.73706096e+22]
[3.44359132e+21 1.89494286e+21]
[-1.03334921e+23  4.03287372e+23]
[2.00102380e+22 1.99584479e+22]
[1.50695028e+22 9.07026322e+21]
[-7.37322468e+21 -1.11549068e+22]
[-4.05082354e+22  2.49425377e+22]
[-5.72838092e+21 -2.50996787e+22]
[-2.27888297e+22 -1.13179669e+23]
[6.46869547e+21 1.97054348e+21]
[-2.69938033e+21 -4.17708077e+21]
[-3.72521134e+21  5.17269067e+22]
[ 4.12489285e+21 -3.95538956e+21]
[-6.61328223e+21  6.29008148e+22]
[-5.69858737e+21  3.28988940e+21]
[-8.46578047e+21 -7.81066225e+21]
[-7.02412465e+22 -9.36249209e+21]
[1.61828701e+22 3.37231775e+22]
[-1.10517156e+22 -2.61034309e+21]
[-9.0197692e+21 -2.3495676e+22]
[-1.36827915e+21 -8.92371440e+20]
[-7.28007805e+21 -1.38048922e+22]
[-5.87970918e+21  1.90846557e+22]
[2.34309409e+22 7.87102016e+21]
[ 2.09712246e+22 -2.13538185e+22]
[-9.75528145e+21  5.58672219e+21]
[8.39108494e+21 5.10995775e+21]
[-1.46906588e+22  8.55981831e+21]
[-8.19776571e+21 -7.12570223e+21]
[-6.44661857e+22  6.89560843e+22]
[4.11612214e+21 1.66512544e+21]
[-9.30031942e+21  6.32494982e+21]
[2.01138539e+22 4.08531450e+21]
[ 1.40832125e+21 -3.91278813e+21]
[-2.48033976e+22 -3.06350255e+22]
[-1.30757765e+18  1.24396241e+22]
[-6.37479148e+21 -1.78302834e+22]
[ 2.19041671e+21 -1.28896876e+22]
[-1.99431936e+22 -1.07907176e+22]
[-7.08362619e+21  3.73300638e+21]
[-1.16389228e+21  6.65881474e+21]
[2.54780677e+22 2.28285633e+22]
[2.43585828e+22 2.85357857e+21]
[-9.55509291e+21  1.89541533e+21]
[-1.53866083e+22 -2.43389934e+22]
[-4.12255985e+21 -3.13382535e+21]
[3.05477794e+22 1.61137526e+23]
[1.30471063e+22 3.85042439e+21]
[-3.04746081e+22 -1.68841225e+22]
[1.73859937e+22 7.35283604e+22]
[-1.45004402e+21  2.69277503e+22]
[-1.61291262e+22 -5.36397567e+21]
[ 8.06072937e+21 -5.31888935e+21]
[1.08258177e+22 1.06759617e+22]
[-1.00462811e+22  1.72193726e+22]
[2.80463699e+22 1.97208145e+22]
[-3.37201384e+19  1.24544872e+22]
[-1.19698819e+22 -7.38377294e+21]
[5.15932471e+21 3.29791780e+22]
[5.87881040e+21 6.76614969e+21]
[ 2.01626774e+22 -4.88843954e+21]
[-2.65765878e+21 -4.07056452e+21]
[-3.08224459e+22 -1.84365422e+22]
[ 6.63994767e+22 -3.36422770e+22]
[-3.07886133e+20 -3.85825960e+21]
[-1.67985580e+21  9.49237083e+21]
[-1.62844658e+22 -2.38664973e+22]
[-1.67756813e+22  7.57977387e+21]
[-1.56509970e+22  1.73772407e+21]
[ 1.31802576e+22 -1.59768814e+22]
[-6.80480347e+21  1.53569079e+22]
[ 4.87568528e+21 -1.08756114e+22]
[ 1.61259721e+22 -1.49585801e+22]
[2.86505141e+21 4.34603613e+22]
[-6.57480426e+21  6.67148197e+21]
[-9.50440218e+20 -3.88267616e+21]
[-6.08849416e+21  2.37945503e+22]
[4.09091670e+22 9.10116799e+22]
[1.93804953e+20 4.76282302e+21]
[-8.62994642e+21 -1.05416097e+22]
[ 2.31056133e+23 -2.51140297e+23]
[9.57855122e+21 2.91392252e+20]
[3.13896875e+21 7.00584566e+21]
[ 7.21444098e+21 -3.96228083e+21]
[3.98593115e+21 7.10029066e+21]
[ 1.69867675e+22 -8.83482628e+21]
[ 6.36391527e+20 -3.75680413e+21]
[2.00967214e+22 1.71419092e+22]
[-1.97014414e+22  1.01282789e+22]
[-1.16820704e+22  6.20427062e+21]
[-1.69866911e+22  3.41421282e+21]
[1.06410826e+22 1.35048382e+21]
[-2.5089820e+21 -2.5862363e+22]
[1.48744431e+21 4.64363548e+21]
[4.08860476e+21 1.59720121e+22]
[-2.38753188e+22 -3.07438102e+21]
[2.99002552e+19 4.43746248e+21]
[-1.99110686e+22  3.59927897e+21]
[-1.73601226e+21  2.36214629e+22]
[-1.06599932e+22 -3.51817480e+22]
[-1.90117691e+21  2.16798479e+22]
[ 1.32847170e+22 -1.87025493e+22]
[-1.46954230e+22  2.91817801e+22]
[-1.95940596e+22  6.46370654e+21]
[-6.54225188e+20  6.62766428e+20]
[-7.79286224e+21 -1.49988267e+21]
[ 1.10529553e+22 -4.74994160e+21]
[ 8.55736229e+22 -1.31410557e+22]
[ 4.12711016e+20 -2.60644827e+22]
[-2.62500634e+21  8.65426478e+21]
[5.40000904e+22 1.90523094e+23]
[-1.14554113e+22  1.19631730e+22]
[ 5.30958971e+22 -1.14611343e+23]
[9.57154609e+21 1.70433250e+22]
[4.23715092e+22 2.37604301e+22]
[-1.20322035e+22 -3.73846379e+22]
[-6.64721311e+21  8.62131933e+21]
[ 2.20668574e+21 -5.91318032e+21]
[-7.71811561e+21  2.79290258e+21]
[1.04949819e+22 1.53765572e+22]
[-1.76187893e+22  1.76379998e+22]
[-1.66877920e+22 -1.46609662e+22]
[-1.99967359e+23 -1.99157901e+23]
[-1.49036537e+22  2.17069958e+21]
[-7.50626855e+21  1.04186467e+22]
[-1.11522417e+21  5.97308886e+21]
[ 1.65216760e+21 -1.77191862e+22]
[ 7.45061037e+21 -7.58776524e+20]
[2.83491496e+23 5.27832109e+23]
[-5.09616366e+21 -1.30251438e+22]
[1.03369394e+22 6.71483286e+21]
[-2.51344209e+22  6.15407350e+21]
[-9.49023370e+21 -4.42762288e+21]
[1.93716459e+22 9.16816919e+22]
[ 1.71921209e+22 -2.45826921e+21]
[ 2.48983103e+21 -3.35891506e+21]
[ 9.61441121e+21 -1.37346961e+22]
[-4.04045103e+22 -3.20270461e+22]
[-2.10100761e+22  1.10623596e+22]
[-2.18020712e+21 -2.42337733e+22]
[-2.05484404e+22  1.07440418e+22]
[4.90693840e+22 9.48214037e+21]
[ 6.96405889e+20 -2.00634162e+22]
[-2.19367919e+22  7.24212109e+19]
[1.36985647e+23 1.41502152e+22]
[-2.85076174e+21 -1.67488972e+22]
[7.99725826e+21 1.93669797e+22]
[3.58823207e+21 1.27204972e+22]
[ 3.24502727e+22 -1.07524762e+22]
[-4.75038643e+22 -2.72463967e+22]
[ 1.45686980e+21 -1.23141993e+21]
[3.01278964e+21 2.46692069e+22]
[-4.12559832e+22  1.14726669e+22]
[-1.36809202e+22 -2.45791160e+22]
[-7.19875709e+21 -5.71179904e+21]
[9.45762847e+21 1.01533601e+20]
[ 1.87273649e+22 -4.08851864e+22]
[1.90766022e+22 6.39530748e+21]
[-4.45724834e+21  1.07102087e+22]
[-1.37709470e+22  6.48505599e+21]
[-1.43319914e+21 -1.29898291e+21]
[ 1.27317537e+22 -2.24456796e+22]
[-8.96189286e+21 -2.44994047e+22]
[ 7.25049506e+21 -2.08601206e+22]
[-4.63750739e+22 -1.13093430e+22]
[-3.08806963e+21 -1.14955799e+22]
[ 6.86008515e+22 -5.99454665e+22]
[ 8.20560761e+20 -1.87773794e+22]
[-4.1570866e+21 -2.9984170e+21]
[-2.94051051e+22  1.30776025e+22]
[ 6.96036287e+22 -1.73942620e+22]
[-2.28856285e+21 -2.42699515e+22]
[1.95406123e+22 1.66706255e+22]
[-3.62182613e+21  1.32893922e+21]
[-7.31767048e+20 -1.95662383e+22]
[-1.41016782e+21  4.41119065e+21]
[-1.30586414e+22  5.09460803e+21]
[4.04821375e+21 4.69176789e+21]
[-1.19860385e+22 -4.76730348e+21]
[-2.38931978e+22  8.84278931e+21]
[-4.49703561e+22  2.45686069e+23]
[ 3.73260833e+24 -9.81534683e+23]
[ 2.87115444e+21 -5.41281688e+20]
[-6.30545851e+20 -1.24389111e+22]
[ 1.82428989e+20 -1.54935553e+22]
[2.12456531e+21 1.36537114e+22]
[ 2.02263918e+22 -2.26006926e+20]
[-1.43880109e+21 -2.78617658e+22]
[-1.69046058e+22  1.03336585e+21]
[-1.72856518e+20  1.00149940e+22]
[ 7.43745920e+21 -6.50945953e+21]
[ 1.30044360e+22 -9.40639203e+20]
[-1.13478981e+22 -7.19388783e+21]
[-2.45113523e+22  1.26341196e+22]
[-4.16854198e+21  6.55031856e+21]
[-1.7222788e+22 -8.3725966e+21]
[-5.08484151e+21  6.77764659e+21]
[ 1.0792831e+22 -3.7637522e+21]
[-1.99753811e+22 -1.05194279e+22]
[ 7.00550739e+20 -8.31554981e+21]
[1.57953307e+22 2.04495412e+22]
[ 1.87235070e+22 -4.70845048e+19]
[ 9.88829835e+21 -2.36695226e+21]
[2.33752211e+21 5.99378570e+21]
[-1.76383787e+20  8.76678147e+21]
[-2.32065786e+22  3.20926067e+21]
[1.13088271e+21 1.99311596e+22]
[-1.32276082e+21  1.07459594e+22]
[4.95132449e+21 2.44083211e+22]
[ 2.20536634e+21 -8.93637665e+21]
[7.15595735e+19 2.40584175e+22]
[6.26259108e+22 3.91660703e+22]
[1.85749463e+22 7.71123366e+20]
[1.45328545e+21 1.19321453e+22]
[-5.52422967e+21  1.05093783e+22]
[3.45930557e+22 1.01564279e+22]
[-2.14229681e+22  3.33669410e+21]
[-1.62093473e+22  1.38223652e+22]
[ 5.02078279e+21 -3.40226211e+20]
[-4.05333007e+22 -1.57705943e+22]
[-1.22832438e+21  8.46407926e+21]
[ 2.00670394e+22 -7.64662208e+21]
[ 8.57945453e+21 -1.04316859e+22]
[ 1.74708601e+22 -7.79426827e+21]
[-1.07847997e+22 -4.76791912e+21]
[ 6.39179332e+21 -2.55433818e+21]
[ 3.60308440e+21 -5.36838532e+22]
[ 7.04785511e+20 -7.27291988e+21]
[-1.93666205e+22  9.90769567e+21]
[-1.39371773e+21  2.67120065e+21]
[8.26054462e+21 1.83444489e+23]
[-5.42678619e+21  4.39744159e+21]
[ 2.74933524e+21 -1.24418726e+21]
[ 3.61770772e+21 -9.47701693e+21]
[-1.23627669e+22  1.56620667e+22]
[-3.52152213e+21 -1.56826085e+22]
[-1.51079468e+22  1.55633837e+22]
[-2.52309283e+22  3.60600044e+21]
[2.77353191e+21 6.48443666e+21]
[-1.04044489e+22  4.67724747e+21]
[ 5.78996633e+21 -7.14010921e+21]
[ 1.66080654e+21 -8.44438726e+21]
[-7.02427983e+22 -6.80531946e+22]
[2.76781505e+21 1.96074634e+22]
[2.38724011e+22 4.32594023e+22]
[-1.49360886e+22 -5.17854717e+21]
[-9.24505362e+22 -2.67676680e+20]
[1.37588432e+22 7.36084390e+21]
[1.18832249e+22 2.26788377e+22]
[2.98838956e+21 1.54692427e+22]
[-5.87513828e+21 -3.74237949e+21]
[1.75880556e+22 3.92492427e+22]
[-3.71492250e+21  2.85712662e+21]
[-9.70664095e+21 -7.78064865e+21]
[3.71839923e+21 2.40085702e+21]
[ 2.05155008e+22 -2.86603838e+21]
[-4.84347702e+21 -6.63980053e+21]
[1.24980593e+22 7.14899223e+21]
[2.49865056e+22 2.68535824e+22]
[1.38035176e+22 2.26894959e+22]
[-5.29152811e+21  4.52051241e+21]
[2.11800149e+22 2.73398777e+22]
[-3.0416577e+21 -1.4377091e+22]
[-8.89904658e+21  1.29805645e+22]
[-7.33242395e+23 -1.02453649e+24]
[-3.43211673e+22 -1.42677240e+22]
[-1.56207469e+22 -6.56763455e+22]
[-1.12722676e+22  2.36032191e+22]
[-9.54321720e+21  1.02941079e+22]
[1.36376923e+22 4.65845411e+21]
[-1.59701601e+22 -1.46002086e+22]
[-1.25104268e+22 -2.12109206e+21]
[2.89935333e+23 5.11081413e+22]
[-9.26618210e+21  1.38346164e+22]
[ 1.59148852e+22 -1.43933289e+23]
[-1.08102326e+22  1.91379524e+22]
[1.52420445e+22 1.04815968e+21]
[-6.82085869e+21  2.82085048e+22]
[2.31622672e+23 3.41291317e+23]
[ 1.03007642e+23 -1.11442595e+22]
[-2.31180851e+21  1.06129485e+21]
[-2.44444460e+22  2.03405675e+22]
[-1.14521509e+22  3.89249726e+22]
[ 3.55776963e+22 -3.59469093e+22]
[ 1.69321347e+24 -1.39906554e+23]
[ 2.35451863e+22 -5.13821602e+22]
[8.58895257e+21 1.50585097e+22]
[-8.87314646e+21  3.77520587e+21]
[-4.08043319e+22  3.90194110e+22]
[-1.00273855e+22  1.33332359e+22]
[-1.73051433e+22 -4.06095210e+21]
[-2.88627091e+21  2.01440172e+21]
[-1.19391149e+22  3.63884993e+21]
[ 4.27923389e+22 -1.07042698e+22]
[-2.81006741e+21 -6.25991235e+21]
[1.55479872e+21 3.96667765e+21]
[-1.44440882e+22 -3.61428377e+22]
[ 1.76137300e+22 -1.71587289e+21]
[-4.30754321e+21 -2.87687028e+21]
[-3.75277632e+22  1.94778272e+22]
[ 4.70520821e+21 -1.25992971e+21]
[-3.35488790e+22  1.78328162e+22]
[-4.37599580e+21 -2.04161851e+22]
[-3.80880001e+22 -1.20450896e+23]
[-1.42452125e+22 -7.44956962e+21]
[3.35786499e+22 1.05210028e+22]
[ 1.11577261e+21 -6.07188802e+21]
[ 2.33794276e+22 -1.13532304e+22]
[1.64326908e+20 2.86684427e+21]
[-1.01239068e+22 -5.12256068e+21]
[2.06453895e+21 3.78079373e+21]
[1.08261937e+22 3.47284901e+22]
[1.48141927e+22 4.12822030e+21]
[-1.59046666e+22 -9.67140200e+20]
[1.86840571e+22 1.24476703e+21]
[1.92178188e+22 4.65048584e+21]
[ 3.38428059e+22 -1.48911545e+22]
[ 1.87921855e+22 -8.70924934e+20]
[ 6.03540814e+21 -4.44270530e+20]
[2.68964357e+22 1.17948693e+22]
[-3.02730733e+21  3.73856399e+22]
[-1.23269854e+21 -1.53475872e+21]
[ 1.07955137e+22 -2.00730630e+22]
[5.87082445e+21 6.31673144e+21]
[4.17735716e+22 2.15408823e+22]
[ 1.35527465e+21 -3.05614180e+21]
[ 2.10880444e+22 -3.44176204e+21]
[ 9.69367323e+21 -9.57790278e+21]
[-1.93047058e+22 -4.71975504e+22]
[1.72271616e+21 8.56558766e+20]
[ 3.59691350e+21 -1.78692326e+22]
[ 1.96351172e+22 -2.49340366e+22]
[2.38731271e+22 1.29711238e+22]
[ 2.13664224e+22 -4.62098537e+21]
[-1.18667232e+22  4.42682692e+21]
[-2.89462498e+21  4.34078229e+21]
[ 2.57692977e+22 -7.87603210e+21]
[-1.60149311e+21  8.02157203e+21]
[2.80436064e+23 1.18250710e+23]
[ 2.29240047e+22 -7.04745815e+21]
[-5.34896865e+20  1.25606838e+22]
[ 1.51944081e+22 -4.38928742e+21]
[3.84078776e+22 3.67282182e+22]
[-1.29813912e+21 -1.30421161e+22]
[ 7.04285629e+21 -1.59979328e+22]
[-8.42071011e+21 -9.05235182e+21]
[ 5.58322680e+21 -1.93574515e+21]
[-3.90707566e+21 -1.04839312e+22]
[2.27313247e+21 3.08297877e+20]
[-3.20297889e+22 -8.50972334e+21]
[5.75190426e+22 3.38860025e+20]
[-3.68339551e+21  1.41223874e+21]
[7.75007544e+20 1.37792696e+22]
[-6.66652904e+21 -5.47759505e+20]
[ 5.88567255e+20 -6.35360709e+21]
[-2.46142849e+22  7.42384756e+21]
[-2.03774029e+22 -6.94846262e+21]
[-2.56783015e+22 -1.12040130e+22]
[-1.46888771e+22 -2.94973826e+22]
[ 1.20216894e+22 -2.39594902e+22]
[-8.33973333e+21  7.54313553e+21]
[1.19754363e+22 4.94200023e+21]
[-5.03641218e+22  5.39449010e+22]
[-4.87489154e+21  1.33509565e+22]
[8.22677873e+22 1.86181387e+23]
[-2.93547940e+22 -6.71534437e+21]
[1.08993833e+21 4.75319531e+22]
[-4.29367038e+21  3.01553102e+22]
[-1.51160652e+21 -2.04604396e+22]
[3.08573872e+22 1.47820820e+22]
[ 1.57153017e+21 -5.10692294e+21]
[-1.20110510e+22  2.54300884e+21]
[-4.69352535e+21  5.51618810e+22]
[2.15042964e+22 5.98972680e+22]
[ 9.41902582e+21 -6.02885811e+20]
[-1.57434833e+22 -3.34232847e+21]
[-2.06579551e+21  2.22243037e+22]
[-4.45693432e+22 -4.32913036e+22]
[ 4.05550368e+21 -1.25688668e+22]
[1.77617445e+22 5.72538575e+21]
[-5.48359485e+21  7.19588856e+21]
[-5.78751504e+21  5.90058024e+21]
[-8.12912294e+22 -6.38675529e+22]
[-1.52344260e+22  5.59501786e+21]
[-1.54903386e+22 -1.41284710e+22]
[-2.29323263e+22 -4.92657953e+21]
[-9.43272727e+21  1.58115619e+22]
[ 2.48287504e+21 -2.29800801e+21]
[6.88221236e+21 1.10158312e+22]
[4.57980296e+21 7.16809326e+20]
[-7.30591972e+21 -2.05265617e+21]
[-2.43900153e+22 -8.33822239e+22]
[ 2.54164313e+21 -2.20303359e+21]
[1.67723725e+22 8.31409357e+21]
[-2.05337933e+23  2.79657064e+23]
[-1.64476803e+22  5.30187593e+21]
[-6.45004182e+21  1.76472351e+22]
[7.06637257e+22 1.57015455e+23]
[ 2.51449481e+22 -1.64431640e+22]
[-1.20699106e+22 -9.82147926e+21]
[ 4.32060539e+21 -6.28785616e+21]
[ 3.09105060e+22 -2.48052599e+22]
[-2.40872177e+22 -1.51188481e+22]
[-1.08377212e+22  5.53453883e+21]
[-4.20623268e+21  2.28457415e+22]
[-2.06329904e+22  1.66282347e+22]
[-1.02092384e+22  2.71489306e+22]
[-1.66585719e+25  4.38503908e+24]
[7.11044435e+21 1.14758498e+22]
[ 8.32867215e+21 -9.95816468e+21]
[2.50456342e+21 1.16645708e+21]
[8.57402375e+21 3.28068541e+21]
[-1.41692613e+22 -2.12020094e+22]
[1.89768867e+22 5.10856167e+21]
[-6.05677974e+23 -3.36266741e+23]
[ 3.63335399e+21 -1.53874517e+22]
[8.59902114e+21 4.59451451e+21]
[5.15699065e+23 6.98899946e+22]
[-1.49359496e+22  5.48432955e+21]
[ 1.34141292e+20 -4.24684533e+21]
[-9.51313923e+21 -1.51532266e+21]
[-2.53251324e+22  8.91800101e+21]
[6.82407431e+21 8.05825856e+21]
[-4.92471571e+22  3.60612586e+22]
[2.03091329e+22 1.05696226e+20]
[ 3.77322794e+21 -9.01877741e+21]
[4.39929603e+22 3.37418825e+22]
[-2.71732699e+22 -3.41547086e+21]
[-3.32060407e+21 -1.24099548e+22]
[-2.03393538e+22 -4.09844576e+21]
[ 6.45600890e+21 -5.24393187e+21]
[ 1.38474335e+22 -5.90217172e+21]
[ 5.49682420e+22 -3.04799693e+23]
[ 2.13865771e+21 -2.09797843e+21]
[-1.98221083e+22  1.47879182e+22]
[3.57643715e+23 8.82489448e+22]
[ 2.82991388e+21 -1.17081930e+22]
[4.38295775e+21 1.23895034e+22]
[1.41093647e+21 1.98301158e+22]
[ 4.45197212e+21 -4.61847906e+21]
[-8.12474362e+21  4.54478828e+22]
[ 5.82024344e+21 -3.62765311e+20]
[ 1.74195162e+19 -3.91341794e+21]
[7.28816783e+23 1.06350767e+24]
[5.51010107e+21 1.16341683e+22]
[ 1.10369245e+22 -9.90900405e+20]
[-2.16623544e+22  3.06148780e+22]
[ 2.87093933e+21 -1.92472304e+22]
[-5.06958970e+21  8.67365686e+21]
[-5.47410555e+23 -2.00255408e+23]
[ 7.05077631e+22 -1.14745359e+23]
[-1.75573192e+22  5.08718596e+22]
[ 5.61255485e+21 -1.23682237e+22]
[ 6.03087650e+22 -1.36932315e+23]
[-7.94156156e+22  2.13344360e+23]
[ 1.37109917e+22 -3.02333209e+22]
[-5.77611465e+21 -1.60813781e+21]
[-1.57187818e+23 -3.20410742e+23]
[ 1.26010467e+22 -2.43755665e+22]
[ 2.34021893e+21 -3.91664622e+22]
[ 2.03592661e+22 -5.62965783e+20]
[-9.34430941e+20 -9.92545635e+21]
[-1.21163728e+22 -6.87535458e+21]
[-1.02666130e+22  7.91536861e+20]
[ 3.31784531e+22 -1.52219929e+20]
[1.87421435e+22 8.61731543e+21]
[-1.80249345e+22 -2.25981073e+22]
[-3.05974087e+21 -2.45704824e+22]
[-2.14462390e+22  3.80056389e+21]
[-1.32644721e+21  8.40709194e+21]
[-1.58261519e+22 -2.22004768e+23]
[-4.05076143e+21 -1.40482855e+22]
[-3.21067666e+22 -3.36044984e+22]
[2.83046013e+21 4.87900054e+21]
[-1.78158639e+22  7.62539343e+21]
[-5.60974170e+21 -1.33026974e+22]
[ 4.05382820e+20 -1.97547802e+22]
[ 3.25642759e+21 -2.15802641e+22]
[-1.03549109e+22  4.17398311e+20]
[-5.79981002e+21 -1.44324441e+22]
[6.24070618e+21 1.03636828e+22]
[2.68724245e+21 4.99251601e+21]
[-7.28133264e+21 -2.66136353e+21]
[-2.85622217e+22 -2.89464391e+22]
[2.09301382e+22 7.44745004e+21]
[ 9.89872077e+21 -2.46565358e+22]
[-1.09433016e+22  7.75984288e+21]
[-1.37680557e+22  6.48346189e+21]
[-7.94488015e+21 -2.52760743e+22]
[-1.50989520e+22  1.54887962e+22]
[1.07691529e+22 4.12230148e+22]
[ 3.45921551e+21 -2.05768494e+21]
[-8.21941681e+21  3.40424499e+22]
[2.15498147e+22 6.45978524e+21]
[ 1.86419301e+22 -9.17208280e+21]
[-3.80539914e+22 -2.76649462e+21]
[-8.42504908e+22  9.15458678e+22]
[-2.32197079e+22  1.35558396e+22]
[-8.98627336e+21  2.88076486e+22]
[-8.75945178e+21 -4.59468589e+21]
[-5.05609107e+21  1.66073206e+20]
[ 7.95922269e+21 -2.61158602e+21]
[1.78711184e+22 3.42111953e+21]
[ 3.02808066e+21 -1.14073919e+22]
[-4.19417388e+21 -8.77538958e+21]
[-1.86048089e+21 -1.66052691e+22]
[-7.45480519e+21  2.82637426e+22]
[ 2.49953241e+21 -1.15137133e+21]
[ 6.68375080e+21 -1.15182672e+22]
[1.20327064e+20 2.22770415e+20]
[-1.19894791e+21 -6.50061468e+21]
[6.19554481e+21 7.20590970e+21]
[-1.38271234e+22  5.62971720e+22]
[-6.96619389e+20  1.13428065e+22]
[2.13107948e+23 5.01357633e+22]
[ 1.24671502e+21 -1.16533921e+22]
[-8.86717082e+20 -5.83007218e+21]
[8.17577320e+21 2.53814961e+22]
[-5.04429036e+21 -9.53886035e+20]
[-7.77182838e+21 -3.12034205e+22]
[ 5.23557806e+22 -2.97862249e+23]
[-1.03022871e+22 -8.09007223e+21]
[ 7.64226144e+22 -2.11920456e+22]
[-1.27615487e+23  2.91845670e+22]
[-3.52277682e+21  3.51862370e+21]
[-3.71395440e+22  1.86521897e+22]
[2.24240795e+21 2.67083058e+22]
[-1.34794493e+22 -2.82733205e+22]
[ 1.74917235e+21 -6.41324510e+21]
[-2.82574670e+22  1.38827221e+22]
[-2.93636356e+21 -3.55458933e+21]
[ 3.71839559e+21 -4.16392882e+20]
[-1.59175833e+23  2.61647403e+23]
[-1.29815225e+21 -1.39644844e+22]
[8.15994145e+21 1.21680949e+22]
[ 3.05622186e+21 -2.03419915e+21]
[3.08940064e+22 1.27129995e+22]
[-2.54923213e+21 -4.50440676e+21]
[8.51522679e+22 8.39398041e+21]
[-4.42125289e+22  2.86188377e+22]
[1.94937059e+22 2.79819942e+21]
[-4.99596870e+22  1.28102425e+24]
[-2.24168733e+22  2.29785004e+22]
[ 5.52562291e+21 -1.46032259e+22]
[-2.02798284e+21  8.16963465e+21]
[-3.84137404e+22 -5.52167519e+22]
[-1.67715758e+22  1.84395726e+22]
[ 1.59264219e+22 -6.31551184e+20]
[-4.23560713e+20  7.25216657e+21]
[3.92565498e+22 2.17176340e+22]
[ 1.22594367e+22 -2.28579202e+21]
[-4.39928725e+22 -1.65555812e+22]
[ 2.51331547e+22 -1.48741773e+22]
[-4.41921919e+21 -4.25879029e+21]
[1.78795686e+21 6.48288565e+20]
[-4.85671381e+23 -2.06333154e+23]
[-2.10760459e+21  5.11478043e+21]
[-2.17843552e+22  8.81069423e+21]
[ 3.47446165e+21 -9.28137317e+21]
[1.93474156e+22 3.02692049e+22]
[ 1.43392440e+22 -1.63393442e+21]
[-7.43655010e+21  2.73217936e+20]
[-1.35192669e+25  4.15437461e+24]
[-6.90119195e+21  4.96467401e+22]
[-9.46576403e+22 -9.47576503e+22]
[5.39181072e+21 5.49444002e+21]
[-3.87930730e+21 -1.73291315e+22]
[-1.53697912e+22  5.91319270e+21]
[-3.55450487e+21  3.48126896e+22]
[-6.91555598e+22 -1.78834871e+23]
[-3.07887076e+22  2.32354112e+21]
[1.14049452e+22 1.68655199e+21]
[-5.27486161e+21 -3.63118787e+21]
[ 1.27986368e+22 -1.68011645e+22]
[ 1.07158138e+22 -1.58299130e+22]
[-1.82069113e+22  2.70335078e+22]
[-1.05119461e+22 -1.61097020e+22]
[ 7.6475223e+20 -1.1027045e+22]
[3.10234720e+22 2.78845483e+22]
[-1.88232223e+22 -5.78571369e+21]
[ 1.37653698e+22 -2.62233615e+22]
[-1.66802826e+21  2.83146072e+22]
[2.28851039e+22 2.05441769e+22]
[1.86692578e+22 2.28393450e+22]
[ 8.96862250e+21 -5.10437012e+21]
[-4.07577761e+22  6.78646113e+20]
[-3.07714812e+22  3.19074108e+22]
[-1.95581711e+22 -1.50682670e+23]
[ 2.76478872e+21 -4.41752586e+21]
[2.13829407e+22 1.39508096e+22]
[4.51964864e+21 1.31335407e+22]
[ 3.50080798e+22 -9.62272635e+21]
[1.51494954e+22 3.24263255e+20]
[ 1.54484705e+22 -3.23939409e+22]
[-7.58340039e+21  7.20311306e+21]
[ 2.33942754e+22 -2.94142844e+22]
[-1.10393078e+22  1.32771673e+22]
[ 6.45904150e+21 -2.17311389e+22]
[ 5.83620169e+21 -9.59433338e+21]
[-1.53200971e+22  5.56541581e+22]
[9.83739048e+20 6.19312559e+21]
[-2.16696260e+22  2.46284122e+22]
[ 3.76070017e+21 -3.59465660e+21]
[-4.24902864e+22  2.05784360e+22]
[ 4.23841144e+22 -2.09976762e+23]
[ 1.17957534e+22 -1.94004976e+22]
[ 3.79467636e+21 -1.11900982e+22]
[ 2.89596374e+22 -1.00751772e+22]
[9.03337731e+21 1.02735369e+22]
[-1.26805776e+22  2.16744204e+22]
[-3.08771415e+21 -8.92920512e+21]
[7.23166365e+20 8.46826367e+21]
[-1.10723360e+21  8.71899988e+21]
[-9.45908742e+21 -4.89273400e+21]
[-2.78935779e+21  2.30773733e+21]
[ 8.50011305e+21 -7.52092284e+21]
[-1.14505582e+22 -2.32483813e+21]
[-9.85462670e+21 -5.38285307e+21]
[ 1.32163242e+22 -6.39424428e+21]
[ 8.13405440e+20 -9.42250857e+21]
[ 4.79456905e+21 -8.18372641e+20]
[ 3.13050196e+21 -3.85501672e+22]
[ 1.16791626e+22 -1.96704023e+21]
[-1.03668224e+22 -7.37813615e+21]
[-2.63733251e+22 -3.55377748e+22]
[2.73197793e+22 7.61117827e+21]
[9.70767897e+20 9.18204615e+21]
[ 4.40491767e+21 -6.82673596e+20]
[ 1.23404557e+22 -1.92517387e+21]
[1.20509112e+22 4.54258083e+22]
[-1.22116047e+22  3.80719705e+21]
[ 3.34580923e+22 -6.17156878e+21]
[1.98434790e+21 3.37073908e+21]
[ 8.22466618e+21 -4.10891232e+21]
[2.47601219e+20 3.98603250e+21]
[ 7.56813238e+21 -2.53029365e+22]
[5.72071557e+21 9.59357308e+21]
[-3.49141536e+23  1.54932536e+24]
[ 1.65065524e+23 -6.49428387e+22]
[ 1.07725831e+23 -1.42696707e+21]
[7.50816338e+21 2.20842990e+22]
[ 3.77475503e+21 -2.94102097e+21]
[2.30089948e+22 1.94052562e+22]
[ 9.64107969e+21 -4.41923765e+21]
[-4.55220021e+22  7.56995391e+21]
[-1.54269468e+23 -1.33533725e+23]
[-5.15304452e+21 -1.40944271e+22]
[4.78582815e+21 2.77957639e+22]
[-1.00158879e+21 -2.35351228e+22]
[ 1.18217231e+21 -1.80431837e+22]
[1.78148123e+22 8.66876325e+21]
[-8.26894550e+21 -5.61496493e+22]
[ 1.16523281e+22 -1.56803779e+22]
[-9.88012617e+21  1.41017702e+22]
[7.58228534e+21 1.10847041e+22]
[ 3.87440745e+22 -2.13089607e+22]
[1.04837064e+23 1.72436881e+23]
[-6.43130234e+21  6.43602610e+21]
[ 3.72339397e+21 -5.29993301e+21]
[-3.59650390e+22 -5.39065792e+22]
[ 1.99063840e+22 -7.45607778e+21]
[-5.3378139e+22 -3.0453098e+21]
[-2.60513874e+22 -4.76162513e+21]
[6.93863020e+21 7.21071273e+20]
[2.64023142e+22 2.64834404e+22]
[-2.32321947e+23  1.94380925e+22]
[ 2.23885609e+22 -1.16612666e+21]
[ 8.63663602e+21 -1.70381978e+21]
[-3.66336583e+22  2.79828709e+23]
[-7.23514401e+21  9.28184140e+21]
[-4.74004645e+22 -6.00491797e+21]
[-1.27357456e+21  1.17813606e+20]
[ 2.34839965e+22 -3.04115710e+22]
[-4.44092316e+22 -8.49809470e+21]
[ 1.34399146e+25 -4.15572005e+24]
[ 1.10946890e+22 -6.26864744e+21]
[-2.66830865e+22  2.06436386e+22]
[-1.67928515e+22 -9.52023959e+21]
[-5.78020311e+22  3.87048351e+22]
[ 2.48802969e+22 -3.46843977e+22]
[ 3.63647261e+21 -5.82353782e+21]
[-8.79640028e+21  3.57333744e+22]
[2.83865032e+21 8.34039976e+20]
[ 1.90429326e+21 -2.69712733e+21]
[-8.51317678e+21 -3.45793754e+22]
[1.66498875e+22 1.77341292e+22]
[-5.12079888e+21  5.77390927e+20]
[ 7.45096901e+21 -1.10029041e+22]
[2.78425052e+21 1.06934892e+21]
[-2.56976300e+22 -4.62384781e+22]
[ 9.35262353e+20 -1.02642182e+21]
[1.28067397e+21 2.79076715e+21]
[6.79247110e+22 9.54272319e+22]
[6.70892697e+21 2.32487035e+22]
[3.34759242e+21 1.59467663e+22]
[-1.82458315e+22  8.71168644e+21]
[-1.17115625e+22 -2.37254314e+22]
[-1.93984669e+21  2.59379669e+20]
[ 1.69676651e+22 -4.57755871e+21]
[-5.88099664e+21 -3.59857503e+21]
[-3.92333293e+21 -5.87967024e+21]
[1.28128500e+22 2.09367219e+22]
[3.48028015e+22 3.58095797e+21]
[-2.62858980e+22 -1.93077999e+22]
[1.09627030e+21 1.66697888e+22]
[-1.41112723e+22 -5.05227106e+21]
[-7.14329228e+21  3.90586663e+22]
[2.67617764e+22 2.18677792e+22]
[9.10360324e+21 1.74146712e+22]
[1.23408627e+21 1.11532170e+22]
[ 2.02222737e+22 -1.83622256e+21]
[-2.00834602e+21  7.58268749e+21]
[-5.82406551e+22  5.66348977e+22]
[8.34246359e+21 3.63760973e+21]
[-1.78306759e+22 -3.86131748e+21]
[ 2.56988860e+22 -1.24099502e+21]
[ 2.60875445e+22 -1.06968866e+22]
[-2.09060417e+22  3.51194402e+22]
[ 1.84661566e+22 -1.73396982e+22]
[7.67018794e+20 1.97425736e+21]
[-3.59206061e+20 -3.48117858e+21]
[-7.53264348e+21 -1.58703519e+22]
[-3.51349677e+21  1.13821804e+22]
[-8.17744414e+21  9.69190160e+21]
[5.76306986e+22 8.59688651e+22]
[ 9.13272299e+20 -1.39597878e+21]
[-3.51653921e+22  1.33074541e+22]
[3.83238423e+21 2.95955993e+22]
[ 8.33723656e+21 -1.43429453e+22]
[-2.48697082e+22 -1.14447089e+22]
[2.23303165e+21 1.95013900e+22]
[-1.00363609e+22  3.12753466e+22]
[1.24778059e+22 2.16542478e+22]
[-1.14314771e+22  1.83275124e+22]
[ 2.39839544e+21 -1.41111029e+22]
[3.55507418e+22 3.77248222e+22]
[-2.56815784e+21 -7.56698952e+21]
[6.61752538e+20 5.23776910e+21]
[-2.28197098e+22  4.55871829e+22]
[8.99922352e+21 4.34336333e+21]
[-1.56419333e+21  1.33849627e+21]
[-3.19575875e+21  5.92107565e+21]
[-3.80928228e+21  6.01134099e+21]
[ 4.44598856e+22 -8.49415137e+21]
[ 1.41048359e+22 -6.42759044e+21]
[-8.69300222e+21  1.18550076e+22]
[1.39980761e+22 6.22609776e+21]
[-1.09362753e+22  3.00377738e+22]
[-5.14034440e+21  2.90962758e+21]
[2.83795789e+22 4.32517576e+22]
[-1.19559259e+21 -2.06426730e+22]
[ 1.71490072e+21 -6.03269712e+21]
[ 6.77264512e+20 -3.44852781e+21]
[ 2.85808837e+22 -3.30378621e+21]
[-5.27814317e+23  8.50666401e+23]
[2.61398258e+20 1.74236341e+22]
[9.39556206e+22 2.39201540e+22]
[ 2.34641405e+22 -1.41448780e+22]
[-1.33957865e+22  2.80370147e+20]
[-5.17371535e+22  1.71532516e+22]
[-5.07657030e+21  2.88628583e+22]
[-8.40504238e+21 -4.97606821e+22]
[-7.38502516e+21  2.97318522e+21]
[-3.68678040e+21  4.84512935e+21]
[-2.58233780e+21 -1.46926386e+22]
[4.31919611e+21 4.49568223e+21]
[-1.10570656e+22  1.64352495e+22]
[ 1.79593096e+22 -7.06121411e+21]
[ 4.14011855e+21 -6.54852822e+21]
[-9.98482797e+21 -1.84003158e+22]
[-1.30385410e+22  4.75838588e+21]
[1.79732142e+22 8.58877430e+20]
[-1.04441930e+22  3.72125149e+21]
[-5.52429182e+20 -9.66206501e+21]
[ 1.45958371e+22 -3.65176330e+22]
[1.10804785e+22 9.92774694e+20]
[-2.81326679e+21 -4.52836303e+21]
[-2.29895535e+22 -2.39186901e+22]
[-2.77240086e+23 -3.16379636e+23]
[-1.34114378e+22 -3.08941488e+22]
[ 1.66696029e+22 -9.90271030e+20]
[-3.94171382e+22  9.70823068e+21]
[ 6.64650956e+22 -4.26787482e+23]
[-1.32472187e+22  1.75957165e+22]
[4.57947541e+21 6.78990707e+21]
[3.79409661e+22 4.89056561e+22]
[-1.04986558e+21 -2.14709341e+22]
[ 8.25516613e+21 -2.87807925e+21]
[-2.20806100e+22  1.57496887e+21]
[-5.6729523e+21  4.4602313e+20]
[ 2.20329784e+22 -1.61318828e+22]
[-8.06573858e+20 -4.00452632e+22]
[-4.73622980e+21 -1.40713552e+22]
[ 1.93653960e+22 -1.02420066e+21]
[-9.45011226e+21  2.63658103e+22]
[4.45467844e+21 7.94602133e+21]
[ 3.03443652e+22 -6.28632649e+22]
[ 1.05846762e+22 -7.82109622e+21]
[-1.11029802e+22 -1.23623060e+22]
[8.66262790e+21 1.60347002e+22]
[-1.48872166e+21  1.61749250e+22]
[-2.73540294e+21 -1.61681993e+22]
[3.48096975e+21 1.94684021e+22]
[-2.55232826e+22 -7.64057069e+21]
[6.61029477e+21 2.74552747e+22]
[-9.54908755e+21 -6.06226206e+21]
[3.15687914e+21 1.43428283e+20]
[3.01013011e+22 3.56205657e+22]
[-4.20378689e+21 -3.00695698e+22]
[-6.10343911e+21  2.52912217e+22]
[-5.91379932e+21 -4.45863438e+21]
[-1.50247175e+22  3.37883621e+22]
[2.81565731e+22 8.35359390e+21]
[ 2.07751702e+22 -2.48125843e+22]
[1.15379937e+21 1.88628628e+22]
[6.18624250e+22 4.53950272e+22]
[-4.99357354e+22  1.23741992e+22]
[ 4.68867124e+20 -5.09142063e+21]
[-6.53922722e+21  2.32474465e+21]
[-2.54635345e+22 -4.95003730e+21]
[2.45250006e+22 9.55802644e+21]
[ 2.85395279e+21 -3.98025116e+22]
[-1.07842763e+22 -1.34435470e+22]
[5.73964063e+21 3.78661836e+21]
[-8.13891069e+21 -1.95375786e+22]
[-6.92798352e+22  1.13128435e+23]
[-3.18510374e+21  1.43087526e+21]
[2.64693113e+22 2.08400480e+22]
[ 9.24968932e+21 -6.79207817e+21]
[-6.45460090e+22  3.17850412e+23]
[ 2.44716599e+22 -8.43318279e+21]
[5.13125531e+21 5.38215793e+20]
[ 8.77276999e+22 -2.09410040e+22]
[-1.54118407e+22 -3.77779509e+21]
[5.66825074e+21 2.09160376e+22]
[-1.01776286e+22 -1.26640076e+22]
[-5.26131195e+22 -3.19083190e+23]
[ 6.13450000e+21 -3.93634017e+21]
[ 8.38858978e+21 -1.91285601e+21]
[-3.36826703e+20  8.81248561e+21]
[8.32791307e+21 7.57005259e+21]
[1.60720213e+22 9.84043473e+21]
[-2.07793008e+22 -6.70589229e+20]
[-7.75862371e+22  9.12409919e+22]
[-3.53601308e+22 -2.12770253e+22]
[-4.7829787e+22 -4.4978697e+22]
[ 1.80527523e+21 -1.75887133e+21]
[2.08715150e+22 3.20399309e+21]
[-6.86294260e+21  3.77323494e+20]
[-2.28367212e+22 -1.50285517e+22]
[-1.98286668e+21  3.31314202e+22]
[ 2.64874802e+22 -1.74157754e+22]
[-1.85720034e+21 -4.31281875e+20]
[-1.76328580e+23  1.86261273e+23]
[-1.91121642e+21 -1.09955543e+22]
[-7.61671138e+21 -7.89464256e+21]
[5.64399679e+22 8.58551287e+22]
[-5.05201182e+21 -2.02787186e+21]
[ 2.89601662e+21 -1.01691107e+22]
[-7.24828833e+22  1.59372222e+23]
[1.82283322e+21 1.39896491e+21]
[-4.28676383e+21 -1.43436588e+23]
[-1.24742425e+22 -9.86466124e+21]
[1.77291698e+21 2.64268374e+22]
[ 7.03709074e+21 -6.35348099e+21]
[1.16051680e+23 1.65254627e+23]
[-7.08217481e+21 -6.02837616e+21]
[-4.62708980e+22 -1.22254206e+22]
[-2.55016441e+21  8.01232031e+21]
[-9.96208066e+21  1.56260973e+21]
[ 1.68590912e+21 -7.97950295e+21]
[-4.63043126e+21 -7.31986140e+21]
[ 4.91906953e+21 -3.94557690e+21]
[ 2.36023395e+21 -2.11960077e+21]
[-1.82963337e+21 -8.13647940e+21]
[2.41532957e+21 2.13573034e+21]
[ 3.61816208e+21 -1.26053930e+22]
[4.96043672e+21 2.03163702e+22]
[ 1.04325964e+22 -2.10260592e+21]
[ 1.79729067e+22 -2.08720642e+22]
[1.78613677e+22 2.10569896e+22]
[-5.96772961e+22 -1.61656812e+22]
[1.09503209e+22 7.56504750e+21]
[-1.12806077e+23 -1.38316679e+23]
[ 3.62035100e+22 -1.70015847e+22]
[-4.61775443e+21 -2.98850466e+21]
[ 1.77067065e+22 -4.39175842e+21]
[5.71356678e+21 1.30537984e+22]
[ 2.83071126e+21 -2.35944914e+22]
[-1.73320574e+22  1.00803366e+22]
[1.23013045e+22 8.84175326e+21]
[ 4.80494960e+22 -2.15335173e+22]
[ 2.33338292e+22 -6.91658145e+21]
[1.70555483e+21 1.60940274e+22]
[-1.44889425e+21  1.19506137e+22]
[-1.80798300e+22 -1.38773477e+19]
[-6.76298635e+21 -2.70228752e+21]
[-1.83429040e+22  9.57322329e+21]
[7.45452478e+21 5.12023873e+21]
[ 1.01346723e+22 -9.00974643e+21]
[-2.77861267e+21 -1.18708390e+22]
[-6.43544308e+21  5.99611112e+21]
[ 1.04982086e+23 -1.20773803e+22]
[-3.97801943e+21 -1.02622544e+22]
[8.82333352e+21 2.07361065e+22]
[ 6.4656109e+21 -7.9133802e+21]
[-3.73071949e+22 -2.81767581e+22]
[-1.89242364e+21  3.60170456e+22]
[ 2.65996697e+22 -1.14320202e+22]
[-2.28954743e+22  1.04976955e+22]
[-4.35223038e+22 -1.85974874e+22]
[-2.98837879e+21 -1.59811656e+22]
[-9.23014065e+20  5.50202175e+21]
[-4.73008094e+22 -2.00243435e+22]
[ 5.19093184e+20 -1.38021552e+22]
[-8.26666746e+22  3.02947887e+22]
[-8.30357782e+20  1.78204298e+22]
[1.17866677e+22 1.69015552e+22]
[ 1.74048007e+23 -2.28439145e+23]
[ 1.57132649e+23 -3.43163977e+25]
[2.32027309e+22 6.27468418e+21]
[5.01831754e+20 3.81012064e+21]
[-5.59552458e+20  1.55139596e+21]
[ 4.63538728e+21 -1.68911943e+21]
[-4.85684184e+21  8.15962661e+21]
[-2.12847331e+22 -1.54551840e+21]
[-4.19063957e+21  6.00745928e+20]
[ 6.52375297e+21 -1.93830928e+22]
[-6.95051952e+21 -1.13865024e+22]
[-1.16484868e+22  9.39241051e+21]
[ 9.94009123e+21 -1.23409842e+22]
[1.81105893e+22 9.08065794e+21]
[ 1.96167123e+22 -1.15352520e+22]
[ 1.12318212e+22 -2.38082360e+22]
[-1.28948874e+22  1.24249876e+22]
[ 4.10412563e+22 -1.01352890e+22]
[-2.62009610e+21  3.16611829e+21]
[-2.24745141e+22 -1.15320198e+22]
[ 4.71667014e+21 -5.07491402e+21]
[ 1.87106429e+22 -1.38730189e+22]
[9.59179783e+21 1.17214516e+22]
[-1.03305897e+22 -7.29880041e+21]
[1.74296483e+21 1.64303881e+22]
[-7.01578546e+21  2.57587405e+21]
[-9.62345739e+21  1.19458716e+22]
[-1.62898737e+22 -6.75631617e+21]
[2.05288427e+21 3.79373440e+20]
[ 9.77786767e+21 -1.96433264e+22]
[1.80559384e+22 1.82019633e+21]
[7.71312947e+22 1.45579950e+23]
[3.26383576e+22 2.09405519e+22]
[ 5.23741919e+21 -9.72219517e+21]
[-1.85795973e+22 -2.95332915e+21]
[-1.84513799e+22  8.60925737e+21]
[4.84307831e+21 9.13205764e+21]
[4.35966591e+22 2.63291128e+22]
[-1.30736319e+23 -5.50030927e+22]
[ 1.35529286e+22 -1.60791897e+22]
[-2.37749502e+22  1.31538246e+22]
[2.04964791e+22 2.60478826e+21]
[-9.54393091e+20 -9.45359860e+21]
[-1.70440828e+22 -8.85868372e+21]
[-2.63230099e+22  1.45685535e+22]
[3.12464676e+21 1.97165155e+22]
[ 1.52089909e+21 -1.85203117e+21]
[-3.76563762e+21  2.82152533e+21]
[-1.71848908e+22  9.54488948e+22]
[-6.66504852e+21 -1.29853632e+22]
[ 3.91843076e+21 -2.72163274e+21]
[-3.42291478e+20 -2.00945328e+22]
[-1.35378817e+22  7.78021090e+21]
[-1.98076214e+24  1.18757666e+24]
[1.94008147e+22 4.80064965e+22]
[-3.69318424e+22 -1.94769367e+22]
[-6.14666249e+21  1.66368629e+22]
[-4.15584954e+21 -9.66455604e+22]
[7.26255690e+21 9.25234366e+21]
[ 6.76235380e+22 -2.98330943e+22]
[2.01548661e+22 8.55407611e+21]
[-4.18190839e+22  8.14769819e+20]
[-1.40476912e+22  1.77313114e+22]
[5.16146491e+22 5.40703916e+21]
[1.88598565e+21 1.96843443e+21]
[-1.01282513e+22  3.01480257e+21]
[1.18986443e+22 5.56949259e+21]
[-6.72843279e+21  7.88094511e+21]
[-7.30380767e+19  2.05982241e+22]
[1.78176207e+22 9.56639054e+21]
[-9.02327233e+21  9.96267516e+21]
[ 1.56812608e+22 -2.69687710e+21]
[-1.06424433e+22  1.74545384e+21]
[7.93429850e+22 1.04339692e+23]
[-2.50135188e+22  7.91505271e+20]
[ 2.86498098e+21 -4.11598584e+20]
[ 1.87683711e+22 -9.62108957e+21]
[-3.61028620e+21 -6.98974634e+21]
[ 2.77156345e+20 -2.20674369e+22]
[-9.92239013e+23  6.96732247e+23]
[ 5.89416753e+21 -2.06945271e+22]
[3.81588364e+21 3.99087788e+21]
[1.19129405e+23 5.59610470e+22]
[-3.69904484e+21 -4.54098756e+20]
[-1.68974357e+20 -1.35573486e+22]
[2.28410181e+22 2.35708741e+22]
[-9.56331131e+21  4.38198008e+21]
[2.27778962e+21 2.14910870e+21]
[ 4.88269545e+20 -1.29057344e+22]
[-7.22155732e+21  2.02692884e+21]
[7.07720311e+23 6.76277835e+23]
[-8.17307944e+22 -7.08224087e+22]
[ 1.59339879e+22 -7.21653817e+22]
[-1.40623872e+21 -1.12840554e+22]
[ 4.41150749e+21 -2.20586823e+21]
[-3.62489665e+21 -1.41713814e+22]
[1.86788895e+21 1.90815290e+22]
[-1.39137147e+23 -1.69035137e+23]
[-1.58487006e+21  1.02760054e+22]
[-6.38225298e+21  3.86363186e+21]
[-8.38247881e+22 -2.02285426e+23]
[6.66358287e+23 9.89668966e+23]
[ 5.70867125e+21 -1.58236195e+22]
[-6.96920868e+22  4.20813363e+22]
[-3.07079595e+23 -2.03709344e+23]
[-5.17662774e+21 -9.60560193e+21]
[ 7.61764106e+21 -2.88836673e+22]
[ 3.14916423e+20 -5.83614275e+21]
[ 7.86100591e+20 -5.76785672e+20]
[2.81264558e+21 3.21065170e+21]
[2.37448633e+22 1.58258907e+22]
[ 3.37100609e+21 -4.76827178e+21]
[-6.66565729e+21  1.11397729e+22]
[ 2.84433080e+20 -1.94743627e+20]
[-2.33503444e+21 -3.94805036e+21]
[ 7.72892370e+21 -1.51890585e+22]
[ 4.29996129e+21 -1.54052167e+22]
[ 7.87197506e+22 -5.04922343e+22]
[-2.20935370e+22 -2.15164204e+21]
[-7.52048970e+20 -2.04279177e+22]
[-6.79692854e+20  1.06120058e+22]
[-6.67546600e+21  3.38803175e+21]
[-3.95027643e+21  6.25296748e+21]
[ 8.26256068e+21 -2.16003295e+21]
[ 3.65671781e+21 -2.01889187e+22]
[-8.64517190e+21 -1.76441982e+22]
[-1.16128715e+23 -7.11522859e+23]
[-3.69117484e+22  2.68268567e+22]
[-2.27020513e+22 -3.95642720e+22]
[-6.96818109e+21  7.87670186e+21]
[ 8.78209105e+21 -1.32214063e+22]
[3.11897250e+21 1.12913906e+22]
[1.16030487e+22 2.56510381e+21]
[-7.49736529e+21 -3.08988863e+21]
[-2.80586445e+21  2.01166316e+21]
[1.39476108e+22 8.79005214e+21]
[-4.05400699e+21 -9.80079509e+21]
[-9.62507055e+21  3.49283614e+21]
[ 8.30441819e+21 -6.98361024e+21]
[ 1.18808330e+21 -9.90013113e+21]
[-9.60294039e+21 -6.81935435e+21]
[-9.49856664e+21  2.51654079e+22]
[ 2.39873019e+20 -3.23372960e+21]
[-5.58475982e+21 -2.50943514e+22]
[-2.04624691e+22 -1.24563554e+22]
[-7.37790364e+22  8.75361954e+22]
[2.74050346e+22 2.04941110e+22]
[ 2.00155309e+22 -2.28269683e+22]
[-9.69513120e+21  9.33511978e+21]
[-4.70115754e+21 -1.82460110e+22]
[ 2.23634755e+21 -9.33945899e+20]
[-1.33843935e+22  3.11962759e+21]
[-6.56049020e+22  2.79544797e+21]
[8.90433537e+22 3.11901319e+23]
[ 3.80614478e+21 -6.84119200e+21]
[1.68445423e+21 2.15362315e+22]
[-2.22612977e+22  3.12175532e+22]
[ 2.49888104e+21 -1.23886036e+21]
[-5.77077974e+21  8.35107324e+21]
[9.87933215e+21 2.85066381e+21]
[ 4.00247210e+21 -2.21812961e+21]
[ 4.01621833e+22 -3.96785166e+22]
[-3.30927404e+22 -6.11011336e+22]
[-1.67068544e+22 -3.76674226e+21]
[-2.17696700e+22 -4.57429915e+21]
[7.04800958e+21 1.13601436e+22]
[1.10143110e+21 3.50651424e+21]
[2.63678403e+20 9.24385076e+21]
[ 2.78321593e+22 -4.71317428e+21]
[-1.73402217e+22  1.92813529e+22]
[4.34404135e+22 7.41600276e+21]
[-2.91405812e+22 -3.46497132e+22]
[-1.80134383e+22 -1.91402395e+21]
[4.74852927e+21 1.54403669e+23]
[-1.41489123e+22  3.09529022e+22]
[-2.19068056e+22  2.30741598e+21]
[ 7.35829606e+21 -4.50904603e+21]
[5.54577971e+21 2.89815357e+21]
[-9.45787832e+22  1.03200592e+23]
[1.06475291e+22 7.86229794e+21]
[-1.24964957e+22  5.70284349e+21]
[-8.06447615e+21 -6.70812122e+21]
[1.40895022e+22 4.01195407e+21]
[ 8.68289847e+21 -1.26460315e+22]
[-1.97969969e+22  8.90687377e+20]
[ 5.18085366e+21 -2.65877242e+22]
[1.83357897e+22 1.79360466e+21]
[1.19153333e+22 3.27447859e+21]
[ 2.88248981e+22 -1.49177456e+21]
[-5.42213964e+21  1.24284482e+22]
[7.31647404e+21 4.86429240e+21]
[-9.69127935e+21 -3.25093261e+21]
[ 9.22588075e+22 -8.47970106e+22]
[-5.53681031e+21  2.96012297e+22]
[-4.49236190e+22 -2.28997952e+21]
[ 7.07833138e+21 -2.38865208e+21]
[ 1.07120746e+22 -2.61153446e+23]
[4.36596629e+22 5.97060891e+21]
[ 1.81400427e+21 -2.60183980e+21]
[-1.52717282e+22 -2.74663012e+22]
[1.96435153e+21 2.35356279e+21]
[-2.06201040e+22 -1.59684246e+20]
[-1.72934378e+22 -2.21216966e+22]
[-4.4016495e+22 -6.8444369e+22]
[8.31233633e+21 1.43989125e+22]
[-3.64722670e+22  1.82312903e+22]
[-3.04335634e+18 -1.41389290e+22]
[ 1.13400903e+22 -3.15150448e+21]
[ 4.92283022e+22 -2.30113593e+23]
[ 3.55140136e+21 -9.03086212e+21]
[ 1.70093004e+22 -6.31979920e+21]
[-2.19560759e+20 -8.15701715e+21]
[-3.12069270e+21  3.43585487e+21]
[-1.00653811e+22  8.64917374e+21]
[ 2.89517203e+21 -3.76506666e+22]
[-1.87987822e+22  4.09463628e+22]
[-9.50563059e+22 -1.46656346e+22]
[ 9.87511160e+22 -9.84088536e+22]
[-8.79446051e+22 -1.62774919e+23]
[9.14626489e+22 8.32127915e+22]
[-2.38754105e+22 -3.89568736e+22]
[-7.37090937e+21  1.46388774e+21]
[ 9.56100445e+21 -1.97047052e+22]
[-6.33127835e+21 -5.05963594e+21]
[ 6.73492799e+20 -1.42427846e+22]
[-4.43614947e+21  1.29722670e+22]
[-2.32747226e+21  2.59925270e+22]
[-1.52789150e+22 -4.04924734e+22]
[-5.66570779e+21 -1.35725048e+22]
[-1.12609357e+22 -3.96254072e+21]
[7.24163711e+21 8.43369080e+21]
[1.04490208e+22 1.67972925e+21]
[8.28417102e+20 1.19031969e+21]
[2.09584330e+22 2.17371254e+22]
[-1.05320054e+21  2.60546595e+21]
[ 1.38405195e+22 -2.56550664e+22]
[2.96571378e+22 1.55349273e+22]
[ 1.02677207e+23 -8.88693522e+22]
[1.14437300e+21 9.37286835e+20]
[ 1.04110887e+22 -5.24815626e+21]
[-4.65903713e+22 -1.56647419e+22]
[-2.59368515e+23 -1.85825337e+23]
[ 2.23010548e+21 -4.79755427e+21]
[ 1.19642129e+22 -1.41159669e+22]
[3.77106406e+21 3.00544711e+22]
[5.39560256e+22 9.65216840e+21]
[ 6.17688093e+21 -7.55600472e+21]
[-2.31547244e+23  9.97814760e+22]
[-3.62019600e+21  1.34586061e+22]
[-2.38121384e+22 -3.30990598e+21]
[8.98939943e+19 5.43262573e+21]
[-1.5627290e+22 -2.8277206e+22]
[1.48246186e+22 1.98680267e+21]
[-1.12194688e+22 -5.78404516e+21]
[3.10060625e+21 1.93692192e+22]
[-1.18960096e+22 -2.71487281e+21]
[1.50601122e+22 5.74536925e+22]
[-1.13476236e+22  2.71284324e+22]
[-3.35442631e+22  6.11122829e+22]
[-3.20190371e+22  1.29098565e+22]
[ 2.39285059e+22 -1.37308375e+22]
[ 9.09688423e+21 -3.28139139e+21]
[8.71409842e+22 1.11024054e+22]
[-1.04995714e+22  7.45892205e+21]
[-8.08681885e+22  1.38396680e+22]
[-4.63986428e+21 -2.05507045e+22]
[-6.63113667e+21  2.23954743e+22]
[-4.00265396e+23  3.71416100e+23]
[ 5.26871276e+21 -1.72166901e+22]
[ 1.03381714e+21 -7.71849111e+21]
[6.98686461e+21 1.23641196e+22]
[2.30342300e+22 1.04115161e+23]
[ 1.30824865e+22 -1.74335273e+22]
[1.86235294e+22 4.41688261e+20]
[ 3.00828064e+22 -5.16722146e+20]
[4.20345185e+22 4.08533885e+22]
[ 1.20727374e+22 -2.07513214e+22]
[-1.50952819e+22  6.35516704e+21]
[-1.03637369e+23 -3.13413521e+23]
[5.74316340e+21 2.93358307e+21]
[-2.89134902e+22  1.87677752e+21]
[1.57497933e+22 2.25167913e+22]
[-6.59717491e+21 -7.70318930e+21]
[1.88803840e+22 1.70313892e+22]
[-2.35501770e+20 -2.68629569e+22]
[-1.19128103e+21 -5.02322943e+21]
[ 5.21117375e+22 -5.55525215e+21]
[ 2.05209093e+22 -1.07557677e+21]
[-5.91651800e+22 -2.43811751e+22]
[-5.76433167e+21 -3.01959366e+21]
[-5.83072870e+21  3.67304689e+21]
[5.68606284e+22 1.46034512e+22]
[ 2.19917494e+22 -5.60502710e+21]
[-6.98796484e+21 -1.67046568e+21]
[2.28171428e+22 1.47782525e+22]
[2.06233299e+21 3.49290805e+21]
[-5.14093261e+22  3.56347831e+21]
[5.17009572e+21 8.53795673e+21]
[ 9.49383205e+21 -3.20864471e+21]
[ 1.36073808e+21 -2.94599066e+22]
[-2.64923805e+21 -9.25711324e+21]
[-3.32500043e+22 -2.46054255e+22]
[ 2.12229871e+22 -1.40897788e+22]
[2.06403175e+22 1.25990430e+22]
[ 3.23889050e+21 -2.40140134e+22]
[1.00332062e+22 8.77719279e+21]
[ 3.38202575e+21 -1.15007535e+22]
[-4.65960233e+21 -3.80924618e+21]
[-8.74650332e+21 -1.20109998e+22]
[-2.76355357e+22  3.87542778e+21]
[-5.42017650e+22  6.53636612e+22]
[-4.09702459e+21  6.45447216e+21]
[ 1.46152036e+21 -2.72262643e+22]
[ 1.12954899e+21 -2.68997662e+22]
[8.43112187e+21 1.64784065e+22]
[ 4.54162211e+22 -2.08416363e+21]
[2.25607417e+22 1.19324626e+22]
[6.02839554e+22 3.66887869e+22]
[-1.21863988e+22 -2.08401631e+21]
[-4.33874934e+20 -2.53884506e+22]
[ 5.05661344e+21 -1.64136924e+22]
[-3.53567269e+22 -8.21004310e+22]
[-6.00196392e+21 -4.69281688e+21]
[-6.74577250e+21 -4.68468951e+21]
[1.10011768e+22 4.66312838e+21]
[ 6.83875003e+21 -1.73166630e+22]
[-4.47502358e+22 -4.94958874e+22]
[-3.76108702e+22  8.71010228e+21]
[-1.39538848e+21  1.23507145e+22]
[1.58279907e+22 1.26456659e+22]
[-1.21490189e+22 -3.27100045e+21]
[ 2.81556473e+20 -6.07654538e+21]
[-1.19518644e+22 -8.87127239e+21]
[-4.94801436e+21 -3.78459349e+21]
[-7.96015330e+21 -1.97860312e+22]
[-2.25934878e+21  1.58108218e+22]
[ 4.71356117e+23 -2.93624273e+22]
[-9.23709242e+21  6.48697561e+21]
[-2.10773812e+22 -2.29860449e+23]
[-2.07783814e+22  1.95186038e+22]
[6.81722192e+21 4.36816207e+21]
[2.10688266e+22 1.50565277e+22]
[-6.92574215e+21 -6.91284458e+21]
[2.09108802e+22 7.00512300e+21]
[ 1.51634266e+21 -5.97729026e+21]
[5.22183108e+21 8.82458793e+21]
[-6.65278800e+20  2.66182244e+20]
[ 2.23670574e+22 -2.93885967e+21]
[-3.01425612e+21 -6.02202979e+21]
[-7.03435895e+21 -7.74066387e+21]
[3.25114722e+22 6.29483410e+22]
[-6.29214795e+23 -4.02382578e+22]
[ 3.76046427e+20 -1.28750810e+22]
[-1.78771836e+22 -1.67751535e+21]
[3.42049239e+21 7.89760480e+20]
[-6.50524584e+21 -2.39725907e+21]
[ 3.37735602e+22 -1.98409473e+22]
[ 1.07506594e+22 -3.19550895e+20]
[ 2.27601173e+22 -4.28695590e+21]
[-9.63687872e+21  6.81071480e+21]
[-1.58756344e+21  5.31725321e+21]
[-1.38651191e+22  2.54877652e+22]
[1.02581826e+22 9.68321584e+21]
[-1.52428545e+22 -5.81373547e+21]
[-3.90490229e+22 -3.73974920e+22]
[-9.91424196e+22 -1.05031019e+23]
[-2.80110638e+22  7.01565058e+22]
[ 7.58894299e+22 -1.21174933e+23]
[-1.12937776e+22 -3.09250840e+21]
[7.68920442e+21 9.19259402e+21]
[-9.56799038e+21 -2.59159732e+21]
[-2.46766983e+21  1.70396372e+22]
[3.63617912e+21 8.86669006e+20]
[-1.29043385e+22 -4.50484404e+22]
[-2.88628382e+21  2.81562563e+22]
[9.26077563e+21 3.83117582e+22]
[6.81239411e+21 2.70331801e+21]
[-4.94847333e+20  4.97685342e+21]
[ 1.17995950e+22 -3.89243815e+22]
[-1.41227210e+22 -8.47862093e+21]
[-2.80644967e+21 -6.84934939e+21]
[-6.65834870e+23 -9.69592278e+23]
[1.20505321e+22 1.73661551e+22]
[8.74790436e+21 1.07351324e+22]
[3.42945639e+21 1.69238137e+21]
[-2.54010455e+21  1.38303585e+22]
[4.95042237e+22 9.81142840e+21]
[6.38980484e+21 5.21338764e+21]
[ 2.21483386e+21 -2.79499480e+22]
[8.24892735e+21 2.49012223e+22]
[-2.51518693e+22 -3.17175153e+22]
[-1.56569623e+21 -3.55505547e+21]
[ 1.68672797e+22 -2.21797660e+22]
[1.65178330e+22 4.17076426e+20]
[-1.76604186e+22  1.74345223e+22]
[ 2.36407384e+22 -5.71345423e+21]
[ 1.32337255e+22 -8.14081579e+22]
[-5.06796540e+21 -2.17981941e+22]
[ 9.86166929e+21 -2.46614718e+22]
[-4.38018946e+21 -2.56845926e+21]
[ 8.30796020e+21 -3.08939595e+22]
[-1.18267957e+21 -4.37710398e+21]
[ 9.72717488e+21 -4.93098535e+22]
[-4.12294266e+20 -6.78813272e+21]
[ 1.20321962e+22 -2.01162799e+22]
[-1.96137423e+22  2.11003960e+22]
[2.45660136e+21 4.05498498e+21]
[-9.60345946e+21  2.81520761e+21]
[-3.50440461e+20 -2.87617916e+22]
[-4.26621292e+21 -1.12665891e+22]
[-4.79246748e+21 -5.56897882e+21]
[ 2.38981074e+22 -6.51744223e+21]
[2.02574094e+21 1.00154155e+22]
[-1.31072131e+22  7.90875094e+21]
[-5.78278489e+21  6.29503139e+21]
[6.18874143e+21 1.50701785e+22]
[3.02821432e+22 1.93431603e+22]
[3.60346643e+22 4.51747986e+22]
[-1.98890516e+22  6.26399377e+21]
[-3.46996165e+23 -5.31417023e+23]
[-1.68115914e+22 -1.15857376e+22]
[ 8.74838870e+19 -7.22324387e+21]
[ 7.17235761e+21 -2.85252131e+21]
[-1.64204492e+22  8.66411506e+21]
[ 7.00738567e+22 -5.92727618e+20]
[-1.68595395e+22  3.45256671e+22]
[-2.66206677e+22 -3.59494692e+21]
[-2.05459150e+21 -2.94426879e+22]
[-6.43261519e+21 -3.42052084e+21]
[-5.67238056e+21 -3.84818643e+22]
[-7.14878173e+21  2.25283672e+22]
[ 2.85171387e+22 -1.09850427e+22]
[ 6.91008910e+21 -2.58355921e+22]
[-1.34528216e+22 -5.80030357e+21]
[-8.05424690e+20 -1.03841019e+21]
[-3.51084097e+22 -5.22004646e+22]
[ 1.00895366e+22 -3.11449625e+21]
[-4.65655576e+22  4.13289177e+22]
[ 1.57100070e+21 -1.28700467e+20]
[-2.69316395e+22 -3.80571490e+21]
[-2.15319891e+22 -5.68387002e+21]
[-8.52393780e+21 -3.53750203e+21]
[-3.46544031e+22  1.90234610e+22]
[5.25409127e+22 2.18178231e+22]
[-6.92509634e+21 -2.48623286e+21]
[4.37296303e+22 1.58437314e+22]
[-2.45913684e+21  1.09108363e+22]
[3.05549969e+22 4.41804951e+22]
[-6.21886400e+22  2.75421361e+22]
[-1.83626648e+22  1.17473672e+22]
[1.92668881e+23 9.73481065e+21]
[ 6.67161542e+20 -9.55102595e+21]
[2.64417410e+22 4.71648686e+22]
[ 5.44275440e+22 -1.66141196e+22]
[-3.88875804e+22 -1.13367965e+23]
[ 5.09055353e+22 -6.18689964e+21]
[5.51784916e+22 4.90737433e+22]
[3.00464701e+20 9.45336750e+20]
[-5.93114415e+21 -4.33799706e+21]
[ 4.77671605e+21 -7.76434484e+21]
[ 7.64257293e+21 -1.21344719e+22]
[4.40695708e+22 3.02517710e+22]
[-1.14695137e+22 -2.81670686e+21]
[ 1.50547902e+22 -3.55713437e+21]
[ 4.82717567e+21 -5.80510077e+21]
[-4.44141555e+21 -2.64450996e+22]
[-1.32469076e+22  1.58349877e+21]
[ 2.3322819e+21 -2.0251425e+22]
[-7.46419605e+21  8.03961419e+20]
[-3.40769511e+21 -4.22802201e+22]
[-3.27210134e+20  9.14448837e+21]
[-4.60629966e+20  1.19368923e+21]
[-7.67084727e+21  6.84068990e+21]
[-1.68077700e+21  3.39608227e+20]
[ 3.06372253e+22 -4.88892429e+22]
[4.10849056e+21 1.01690440e+22]
[6.00261249e+21 6.74491688e+21]
[ 5.86223773e+22 -2.70272576e+22]
[7.71596775e+21 8.77395032e+21]
[ 5.61353985e+21 -2.52757500e+21]
[-1.50210408e+22  4.71714447e+21]
[-6.85435632e+22  2.04100839e+22]
[-9.25894886e+22  2.46968061e+23]
[1.39234812e+22 8.42038183e+21]
[ 1.70833344e+22 -1.51252274e+22]
[1.63298047e+21 5.82026180e+21]
[-1.42930203e+22 -1.70774490e+22]
[ 2.49339934e+21 -8.61936953e+21]
[-3.14449965e+21 -9.46342609e+21]
[-2.50301271e+21  2.13748835e+21]
[-1.41480490e+22 -2.30755233e+22]
[ 3.03308634e+21 -4.62938898e+20]
[6.11897725e+21 1.29657540e+22]
[-1.14667088e+22  3.89202223e+21]
[-9.89954862e+21 -4.77945591e+22]
[ 1.89334726e+22 -1.32886234e+22]
[-1.06231410e+23  6.82353552e+21]
[8.57207063e+20 3.27283265e+22]
[-6.19144822e+22  2.21491594e+22]
[ 9.38471061e+21 -3.61334281e+21]
[-4.63773142e+21 -2.01554616e+21]
[6.14655078e+21 4.92629334e+21]
[-8.15374458e+21 -1.02919202e+22]
[-1.45823138e+22 -5.77828246e+22]
[ 5.37770132e+21 -1.50748705e+22]
[ 2.71020110e+21 -1.45509096e+22]
[ 5.73363483e+21 -1.98092516e+22]
[-2.08145457e+22  3.98623494e+22]
[-1.05143166e+22  2.24464191e+21]
[-4.50137245e+20 -3.48377155e+21]
[-1.72144585e+21 -2.65699795e+22]
[ 8.57262439e+21 -2.35702188e+22]
[ 4.34914399e+21 -2.26433790e+20]
[3.13567559e+21 3.07558968e+21]
[5.51238750e+22 6.96327099e+22]
[-1.94101358e+22  5.27612530e+22]
[-1.82801033e+22 -2.45525419e+22]
[-6.45971192e+20 -1.37678618e+22]
[2.37908502e+22 2.66313918e+22]
[ 1.84364007e+22 -2.92786243e+21]
[-8.46729646e+21 -7.86072349e+21]
[-2.63944602e+22 -1.77155551e+23]
[ 7.89248015e+20 -4.33607469e+21]
[2.42243311e+21 1.98108055e+21]
[-5.32329914e+22  4.21633073e+22]
[-5.48137508e+21 -1.62371335e+21]
[2.07974569e+22 7.79338045e+21]
[6.26195960e+22 1.78751662e+22]
[ 4.76862089e+22 -5.63584532e+19]
[8.34951041e+21 1.40900967e+22]
[-2.52648712e+22  3.38852539e+21]
[-2.16882619e+22 -2.54039015e+22]
[ 3.38755290e+21 -7.24056949e+21]
[6.61700390e+22 4.52427107e+22]
[-7.21364768e+20 -7.13500559e+21]
[ 7.77709431e+22 -8.57818590e+22]
[5.28103568e+21 1.30909076e+21]
[-7.87825226e+21  4.05556419e+21]
[-2.32414925e+21  1.40905239e+22]
[-7.82061909e+22  2.25723443e+21]
[-7.34000206e+21  7.40103386e+21]
[-9.45688325e+21  3.02061094e+22]
[-1.69101149e+22 -2.48524022e+22]
[ 4.10172229e+22 -1.42357460e+22]
[8.38546213e+20 2.46504949e+21]
[-1.41112423e+21 -5.62900042e+20]
[-5.00519798e+21 -5.87778745e+21]
[-2.96866909e+22 -8.11603106e+21]
[-1.35201721e+22  2.05819151e+22]
[-1.15230077e+21 -1.82199686e+22]
[-8.32592803e+21  2.29325094e+22]
[4.87667902e+22 2.27434571e+22]
[-9.59584059e+21 -1.15242414e+22]
[-8.10539055e+21 -6.59399662e+21]
[-1.90518453e+20 -8.75107478e+20]
[2.59301780e+21 1.75101157e+22]
[1.03885108e+22 1.31295479e+22]
[ 1.76089108e+22 -1.40644763e+22]
[-2.81682158e+22  8.75973453e+21]
[-2.30234193e+22  1.34484858e+22]
[-7.25707272e+21  9.06581249e+21]
[-2.98493045e+21  4.07934082e+22]
[-8.28362994e+21 -1.25652377e+21]
[-2.53489144e+21  2.35967049e+21]
[-9.56247394e+22  5.71446528e+22]
[-4.38528497e+22  4.37207787e+21]
[ 9.98176406e+20 -9.55069260e+21]
[1.15817813e+22 5.63953116e+21]
[7.56940016e+19 1.39219468e+22]
[ 2.15445919e+20 -7.12841698e+21]
[-2.04041483e+22  2.25488415e+22]
[ 3.16481816e+22 -1.40107060e+22]
[ 1.19625276e+22 -1.10019450e+22]
[-1.71897696e+23  2.63848087e+23]
[-1.39204376e+22  5.05964502e+21]
[ 1.69401385e+21 -2.14276230e+22]
[1.39987878e+22 5.64284475e+21]
[2.61959153e+22 3.65400772e+22]
[ 3.49202462e+21 -1.24648129e+22]
[7.93205293e+22 7.48926346e+23]
[ 1.94165284e+22 -2.23192383e+21]
[ 2.02691098e+21 -3.57433484e+21]
[-4.61056142e+21 -2.55607521e+22]
[-8.18219316e+21 -1.97926319e+22]
[3.19392729e+22 6.88588694e+21]
[ 3.65814796e+22 -2.15630898e+22]
[-4.21003094e+21 -8.65233678e+21]
[1.67263700e+21 1.04151025e+22]
[6.85801535e+21 8.19676189e+21]
[ 5.35558206e+21 -1.45965646e+22]
[8.43922249e+22 1.78957603e+23]
[9.9241963e+22 9.4898704e+22]
[8.52621948e+22 5.79090363e+22]
[-1.01545127e+21 -1.30211956e+21]
[-3.87774280e+21  1.33761094e+21]
[2.50991944e+22 3.35462164e+21]
[-1.42586665e+22  1.20245729e+22]
[-8.15296453e+21 -1.03574073e+22]
[-1.59833471e+21 -1.86588683e+22]
[ 4.97889349e+22 -1.64929009e+22]
[8.37976359e+21 4.04310307e+21]
[1.99471744e+22 3.11532306e+22]
[-3.92349803e+21 -4.05516477e+21]
[ 6.04151119e+22 -2.24329258e+22]
[-3.71936137e+21  1.04988332e+22]
[ 1.24113894e+22 -8.50922599e+21]
[-3.00975792e+22 -2.42542671e+21]
[ 2.41358044e+22 -4.68531920e+22]
[4.7628845e+21 9.0818890e+21]
[ 3.58183199e+20 -3.47685325e+21]
[8.63863012e+21 1.24420709e+22]
[-1.21403294e+21  2.77062838e+22]
[-9.01087254e+21  1.14600133e+22]
[-7.43810206e+21  1.09392152e+22]
[1.86867537e+20 5.50541590e+21]
[ 6.43106653e+21 -1.80513216e+22]
[ 9.81591603e+21 -4.70885190e+21]
[ 8.33877993e+22 -4.25560135e+22]
[8.33893821e+21 1.61241123e+22]
[-1.20993487e+21 -1.21827755e+22]
[-5.50184295e+21 -1.15023846e+22]
[ 2.07397890e+22 -3.14150384e+21]
[ 7.88715224e+21 -8.00169382e+21]
[-7.07487243e+22 -5.00822644e+22]
[-1.93095370e+22  1.25065374e+22]
[-2.26544723e+23 -7.47510528e+22]
[ 1.76219266e+21 -9.99906286e+21]
[-1.01247394e+21  1.86141660e+22]
[-2.15219301e+22  2.42114058e+22]
[-1.00182778e+22 -6.97546344e+20]
[ 1.85452475e+21 -6.51074297e+21]
[-3.11167896e+22  3.05425888e+22]
[ 1.17760892e+22 -3.66980471e+21]
[1.25989201e+22 4.97091784e+21]
[-4.33460273e+22 -4.39496938e+21]
[ 6.17372079e+21 -6.04508072e+21]
[ 3.50107529e+21 -3.72023072e+21]
[-8.00159803e+21 -3.50850836e+22]
[-1.42336689e+22  3.36651985e+22]
[-1.08037873e+21 -2.60896760e+22]
[-1.11988185e+22  3.10763546e+21]
[ 1.39746177e+22 -1.98751840e+22]
[-2.35239820e+21 -7.05123291e+21]
[ 1.59640832e+22 -4.33679412e+22]
[-8.87544264e+21  9.44356358e+21]
[ 2.78364496e+22 -1.17644277e+22]
[ 2.28057612e+23 -1.20527671e+23]
[-1.25907670e+22 -2.56397134e+22]
[-1.15261581e+22  7.86905813e+21]
[-1.12552437e+22  6.70351168e+21]
[-4.73267779e+22  4.56512391e+23]
[-3.03671823e+21  2.43873655e+21]
[-1.21722622e+22 -1.48162473e+21]
[-2.34665046e+22 -3.67819142e+21]
[1.08818696e+22 3.39322669e+21]
[ 2.25290723e+22 -1.89149386e+22]
[ 5.37998375e+21 -1.66134417e+22]
[-3.17240137e+22  1.86041390e+22]
[-2.48822144e+21  1.12225034e+22]
[-1.86590053e+23  1.64252891e+23]
[2.86478078e+22 5.68025730e+22]
[1.88109292e+22 1.27868612e+22]
[-2.41381103e+22 -7.24094320e+22]
[1.19549013e+22 1.10390673e+22]
[-2.46932847e+22 -7.57847980e+21]
[-3.44029816e+23 -1.75370479e+23]
[ 2.24901010e+22 -3.35637657e+22]
[-1.38129412e+22  2.63463281e+20]
[2.96772574e+22 8.49592294e+20]
[6.19319339e+20 3.16763456e+21]
[-1.96496661e+22  9.20610186e+21]
[-1.66988200e+22  1.18802105e+22]
[-2.60347592e+21  8.38276365e+21]
[ 3.43785795e+21 -9.45030131e+21]
[-1.27136198e+21  1.84376195e+22]
[ 2.94894881e+21 -1.24671115e+22]
[ 1.18773943e+22 -4.77107410e+20]
[-2.76896976e+22  3.98178784e+22]
[5.51203015e+22 3.32566344e+22]
[-5.88455421e+21  4.07687805e+21]
[1.54049509e+23 3.66490490e+23]
[ 2.83344424e+21 -3.68523450e+21]
[1.66693534e+23 2.75830393e+23]
[ 1.82654403e+21 -1.18921234e+22]
[-1.68391923e+22  1.35635444e+21]
[ 1.89972859e+22 -4.68112038e+21]
[5.63043342e+21 1.35532803e+22]
[-3.69000810e+22 -7.23710854e+21]
[9.10856362e+21 5.93731952e+21]
[ 1.89614008e+22 -1.52109887e+21]
[ 4.30468794e+21 -5.12850064e+21]
[ 5.72422238e+22 -8.96322837e+21]
[5.87581995e+21 1.23462893e+22]
[1.03585964e+22 1.10724841e+22]
[ 6.40510732e+21 -2.47382491e+22]
[1.81899872e+22 1.75617178e+22]
[-5.83863313e+21  4.97842797e+21]
[ 1.90242152e+22 -6.73569636e+20]
[ 2.42539447e+22 -2.73835664e+22]
[ 1.89601668e+22 -2.46528391e+22]
[-2.39903326e+22  1.14238919e+22]
[4.04063755e+22 2.14555081e+21]
[-4.67869046e+21 -2.89923497e+21]
[-2.95676226e+22  4.83515095e+20]
[ 1.03484010e+23 -5.32778248e+22]
[ 1.75336782e+22 -8.41415887e+20]
[-1.23914017e+22 -4.97775857e+21]
[ 4.66770763e+21 -1.07717900e+21]
[ 9.21716637e+21 -3.59210886e+22]
[-2.33771631e+21  8.65414403e+20]
[1.30512729e+23 2.69234823e+21]
[1.79605945e+22 5.84056423e+21]
[-1.47196409e+21  1.75915950e+21]
[-4.19811441e+22 -4.10096806e+21]
[-7.77922125e+21  1.31925050e+21]
[ 4.77320780e+22 -1.54786115e+23]
[-2.70609932e+22 -1.20236315e+22]
[ 3.52764507e+21 -7.81930535e+22]
[ 1.10346196e+22 -7.03389894e+21]
[ 1.10380906e+22 -2.65637958e+22]
[-5.48051804e+21 -1.63471008e+21]
[-7.89575428e+21  1.43822763e+22]
[-1.29758744e+22 -2.59990393e+22]
[ 5.13387615e+21 -6.38194669e+21]
[-1.68248871e+21 -1.69669837e+22]
[-1.24508562e+22  7.21699217e+22]
[ 3.00224144e+22 -2.52291343e+22]
[2.36049900e+22 5.01899157e+21]
[ 1.94099161e+21 -8.09624992e+21]
[3.34973978e+21 6.79390711e+21]
[-5.40221493e+21  5.26592068e+21]
[ 1.57040079e+22 -2.87587133e+22]
[-7.00834338e+21 -1.65721448e+22]
[-3.96494689e+21  1.21187326e+21]
[-2.12857481e+22 -4.72067874e+21]
[-2.89476233e+21  1.53050495e+22]
[-9.90768166e+21  1.17618954e+21]
[-1.26971319e+22 -2.09060396e+21]
[ 5.47023194e+22 -7.67315355e+20]
[-5.28461871e+21 -2.19317200e+22]
[-1.72447629e+22  1.26190324e+22]
[ 8.45470418e+21 -2.08812252e+22]
[-4.87288694e+21  7.71423643e+21]
[-5.89792756e+20 -6.04555836e+21]
[-5.21769999e+22  2.10812552e+22]
[1.56625509e+21 2.29408478e+22]
[-1.45505053e+22 -3.14867395e+21]
[-4.15724409e+22  5.80219613e+19]
[ 7.03364012e+22 -7.21446009e+22]
[-4.21656343e+22 -4.22122905e+22]
[-5.47025457e+20 -3.71955022e+20]
[9.64123059e+22 1.48913797e+22]
[-1.03336472e+22  3.21648516e+22]
[2.16322733e+22 1.08027960e+22]
[-6.39496350e+21 -5.27626696e+21]
[-1.93631834e+22 -3.48827029e+21]
[-9.20806412e+21  8.78073498e+21]
[2.49046765e+22 4.32396282e+22]
[-1.02863679e+22 -3.33384880e+21]
[4.78181407e+21 6.14001681e+21]
[4.17855054e+21 7.49987000e+21]
[ 1.80009039e+21 -1.70989259e+22]
[ 4.73244827e+22 -2.86643846e+22]
[ 1.36481361e+21 -4.49704030e+21]
[-3.15140369e+22 -8.66431477e+20]
[-1.07244163e+21  2.25972504e+22]
[ 6.60130982e+22 -1.62289925e+23]
[-7.28167547e+21  4.92715393e+21]
[2.61741749e+22 2.22626406e+22]
[ 1.45553560e+22 -2.09840946e+22]
[9.35322918e+21 8.96650362e+21]
[-9.01369400e+21  1.23131424e+22]
[4.11088901e+21 2.12926242e+22]
[ 1.13731443e+21 -5.82292933e+20]
[ 1.52996235e+22 -2.34508232e+21]
[5.64526546e+21 1.62045946e+22]
[8.44555539e+21 1.56557171e+22]
[-7.23493386e+21 -7.15591095e+21]
[-1.15372667e+22  6.86297097e+20]
[9.43062848e+21 5.36376094e+22]
[-2.62375321e+22  1.67988378e+22]
[7.96162455e+21 2.02743173e+21]
[-5.37861185e+22  1.09848589e+22]
[-1.11408035e+22 -1.21515472e+21]
[1.18121408e+23 1.45492562e+22]
[3.38806676e+21 3.87341871e+21]
[ 2.47567442e+21 -4.15870522e+22]
[-4.79050721e+23 -1.79653574e+23]
[ 1.16116652e+21 -9.80253544e+21]
[-6.66018011e+21 -7.39971205e+21]
[-1.92252711e+22  2.76464287e+22]
[1.11289954e+22 1.98564357e+21]
[-1.22678243e+22 -1.26401101e+22]
[ 9.50451969e+21 -8.21149815e+20]
[-4.52297733e+22 -6.11474855e+22]
[-1.49805677e+22 -7.55738523e+21]
[-3.05427370e+21 -2.80787108e+22]
[ 7.67829972e+20 -3.79949201e+21]
[4.35617823e+21 9.73243728e+20]
[ 1.17508802e+22 -1.10385933e+23]
[1.34557781e+22 2.59262285e+22]
[3.37793944e+23 1.67279960e+23]
[5.65078786e+22 3.26168418e+22]
[-2.80635356e+21 -1.53505015e+22]
[2.60426460e+22 2.75366539e+21]
[ 9.46334598e+21 -6.84511634e+21]
[1.01476609e+22 4.80129113e+21]
[ 5.34311687e+21 -9.87944234e+21]
[ 1.02169326e+22 -2.00803608e+22]
[-2.72322297e+22  4.42396132e+22]
[1.69357617e+22 6.55641190e+21]
[ 1.82213199e+22 -1.67211129e+22]
[-9.41598510e+21 -1.18071068e+22]
[-6.76213723e+20 -5.10337233e+21]
[ 1.67653225e+21 -1.70688066e+22]
[-1.14763108e+22  1.06881238e+22]
[-1.80800759e+22  2.64120184e+21]
[-2.96086492e+21 -4.83962385e+21]
[-7.59491178e+21  7.21466592e+21]
[2.38557541e+22 8.69089371e+21]
[-3.98671062e+21 -4.59793801e+21]
[-1.80795048e+21  7.47600922e+21]
[1.69711915e+21 5.06460791e+21]
[-4.16567630e+21 -8.74689048e+21]
[-7.09994752e+22 -3.47594195e+22]
[ 1.41377261e+22 -4.87419823e+21]
[-6.39544143e+21 -1.70790596e+23]
[-3.81847575e+20 -1.42102381e+22]
[-3.16005803e+21 -1.76360958e+22]
[5.36522873e+22 7.64043830e+22]
[-6.10225057e+21  2.30383716e+22]
[ 1.33969176e+22 -1.72299277e+22]
[ 1.17192859e+22 -1.10149055e+22]
[-7.13968779e+21  3.33771069e+22]
[ 1.84277633e+22 -5.99135225e+22]
[4.07297390e+21 9.72942788e+22]
[-4.57391260e+21  1.58929621e+22]
[-8.27554465e+21 -1.09178045e+21]
[-6.75448235e+21 -3.39932467e+21]
[2.79390507e+21 5.31459116e+21]
[-8.57610724e+22 -2.11929082e+23]
[-9.82307375e+21  4.55220481e+21]
[-1.32296097e+22 -7.35578016e+21]
[2.31869309e+22 1.75602480e+21]
[-5.0468024e+21  1.3150742e+22]
[-4.55336931e+22  1.87572081e+22]
[-4.47461493e+21  3.86313617e+21]
[-2.01174367e+22 -2.23663735e+21]
[-1.47405209e+21 -1.34531755e+22]
[9.95533834e+21 6.27319156e+21]
[-1.49202261e+22  1.64796652e+22]
[ 3.88627367e+20 -2.62596332e+21]
[-2.57765644e+22  5.19298033e+21]
[4.34549881e+21 1.73914259e+22]
[-3.18817934e+22 -1.62061761e+22]
[-2.13117302e+21 -6.43677621e+21]
[-7.59542425e+21 -1.53112882e+22]
[ 5.13967993e+22 -1.85675404e+22]
[6.23607267e+21 4.77624938e+21]
[-1.40383867e+22 -3.58096129e+22]
[ 7.65199065e+21 -2.12270955e+21]
[2.83081435e+22 7.77757987e+22]
[-1.72057698e+22  3.37230736e+22]
[ 3.24472248e+22 -1.37472865e+22]
[-2.29432213e+22  1.54944857e+21]
[-1.90560148e+22 -2.78246370e+21]
[-2.25745263e+20  1.51211251e+22]
[-4.16088526e+21  1.96662122e+22]
[-2.99842624e+22  3.38065900e+22]
[-6.65598351e+21  2.38859746e+21]
[-9.10654394e+22  1.77704929e+23]
[-3.08734033e+22 -2.60942161e+22]
[-2.89884500e+21  4.71282388e+21]
[ 6.83631445e+22 -2.90014823e+22]
[-1.04472390e+22 -2.21214313e+22]
[7.28891554e+21 8.27882962e+20]
[-2.47469257e+20  1.31433187e+21]
[ 7.67546357e+22 -4.10860958e+22]
[-2.91155203e+22 -1.95283785e+22]
[1.12400918e+22 2.31728282e+22]
[2.32001108e+22 2.14412854e+22]
[-1.49863907e+21  7.53043587e+21]
[1.34572240e+22 8.73188615e+21]
[ 8.96492097e+21 -4.37184334e+21]
[-1.23929869e+23 -1.68418795e+23]
[-2.48138275e+22 -4.55731385e+21]
[-5.49524420e+20  4.91345398e+20]
[3.53802878e+21 2.80090466e+21]
[2.50631232e+22 2.09151872e+21]
[ 2.17844415e+22 -2.46127667e+21]
[ 8.08992506e+21 -2.41751865e+21]
[1.29664764e+22 2.32370571e+21]
[-1.0193984e+22  1.8684194e+22]
[-6.09566532e+21 -3.27239779e+22]
[-5.06666838e+21 -3.67237586e+20]
[1.06056471e+23 1.53144473e+23]
[-1.64026538e+21 -2.70874002e+22]
[2.63329689e+22 8.59321622e+21]
[-5.17813566e+22  2.56195054e+22]
[3.48006206e+21 1.14069387e+21]
[1.57982389e+22 3.30980765e+22]
[ 2.72401372e+22 -3.02382039e+21]
[-1.87624276e+22  9.54658797e+21]
[-3.08457449e+22 -1.65519110e+22]
[-2.98686685e+21  1.74929067e+21]
[ 7.01872451e+21 -2.48095356e+21]
[-2.06859470e+22  1.30846267e+23]
[-1.02437611e+22  4.62147305e+21]
[ 3.35162352e+21 -3.13968068e+20]
[1.09630850e+22 1.33287294e+22]
[-1.36260469e+23  1.21612236e+23]
[2.43896287e+22 3.66042402e+22]
[ 1.74178016e+23 -2.95571888e+23]
[-2.24329085e+22 -1.10440731e+22]
[ 1.88157286e+22 -1.66922608e+22]
[ 1.04598808e+22 -2.29398705e+22]
[-6.01860811e+21 -1.08633785e+22]
[-1.48912451e+22 -1.75755667e+22]
[-9.57859341e+21  8.42535084e+21]
[-2.88151144e+21 -1.50143586e+22]
[1.15549821e+22 8.92837589e+21]
[-1.71240824e+22  1.24544460e+22]
[-2.33464056e+22  7.80667472e+21]
[ 9.64991807e+21 -5.09670520e+21]
[-6.61545572e+21  2.12820301e+22]
[1.11649252e+22 1.05185669e+21]
[ 5.36231912e+21 -9.82406331e+21]
[ 5.27415859e+22 -1.24100974e+22]
[-2.44760235e+22 -1.00414873e+22]
[-9.84505955e+21  1.02531050e+22]
[ 1.69729017e+22 -8.27690165e+21]
[9.36912174e+21 4.76532830e+21]
[ 2.00798605e+21 -6.47648236e+21]
[-1.39658804e+22 -1.61444746e+22]
[2.62379801e+21 4.67014418e+21]
[-3.27036719e+22  2.84761667e+22]
[-2.13286764e+22 -1.61989234e+22]
[-1.13305515e+22 -1.82375877e+23]
[-1.51960085e+22 -7.55391016e+21]
[-1.11853236e+22  1.03121897e+22]
[-3.90214855e+21 -2.17503085e+22]
[-5.15775811e+21  1.57151703e+22]
[6.18098287e+21 1.01394226e+22]
[-5.73979084e+21 -1.74216145e+22]
[-4.48272625e+21  4.90672521e+21]
[ 9.20576900e+21 -1.22622626e+22]
[-4.75687907e+22 -7.48706335e+22]
[1.66536528e+22 7.25038772e+21]
[1.51569268e+22 2.88278907e+22]
[ 1.21009055e+22 -2.19351930e+22]
[-2.02918635e+22 -3.60262344e+21]
[ 4.78042548e+22 -5.54052504e+22]
[ 1.85946053e+21 -1.59683766e+22]
[-6.33224419e+21 -8.29245358e+21]
[ 1.61908857e+22 -1.51432287e+22]
[ 1.14310600e+22 -1.59423744e+22]
[-1.05790564e+22 -7.80911178e+20]
[5.00168541e+22 3.93226765e+22]
[-2.65419594e+22 -2.50644249e+22]
[-7.57223078e+21  4.44580610e+21]
[-1.79266653e+21 -1.41445761e+22]
[-5.52925322e+21  1.14917232e+22]
[-5.85910963e+21  2.91208461e+21]
[ 2.11656486e+22 -3.00712063e+21]
[-6.19655453e+21  2.52760762e+21]
[2.54363786e+22 1.97366005e+22]
[-2.01548067e+22 -1.29517843e+22]
[ 2.92035230e+22 -5.33249096e+22]
[-7.50633705e+21 -3.20371154e+22]
[ 8.41807311e+21 -7.09959775e+21]
[7.81643203e+22 3.40215049e+22]
[ 5.04931783e+22 -4.13138771e+22]
[-4.37288911e+22  2.77385849e+22]
[2.24260280e+22 2.32576775e+22]
[3.12397975e+21 1.16724008e+22]
[ 9.30621360e+21 -6.79833572e+21]
[-5.26418342e+22  3.40886957e+22]
[ 9.27640539e+21 -4.42446815e+21]
[-2.23966688e+22  2.30964792e+22]
[-1.91810217e+22 -6.09634302e+21]
[-5.86539352e+22 -7.33374682e+22]
[-5.15729988e+21  9.49254997e+21]
[ 5.63500759e+21 -3.58392331e+21]
[-2.81650516e+22 -1.57704018e+22]
[1.48325905e+22 3.53613623e+22]
[-3.07029813e+22  2.69184249e+22]
[3.10348092e+23 2.44982824e+23]
[-6.20366515e+21 -1.73496611e+21]
[-9.04146032e+21  3.21622902e+22]
[-2.47065643e+22  2.45162411e+22]
[ 2.29377762e+22 -8.31898042e+20]
[-6.36267166e+22 -1.63461408e+22]
[ 1.02619948e+22 -7.17489075e+21]
[2.33187711e+22 1.55320388e+22]
[-6.88176804e+21 -1.46898909e+22]
[-1.02038632e+22  4.61765918e+22]
[-1.82865705e+21 -6.96690945e+21]
[5.18511531e+21 2.55738193e+21]
[-1.54615761e+22  5.48026277e+21]
[-2.81126015e+22 -5.93736548e+21]
[-2.25473449e+21  2.28297876e+22]
[ 7.36159110e+22 -1.25576045e+22]
[-1.35747915e+22 -3.40131989e+21]
[-2.72576471e+21 -1.25247965e+22]
[-5.44582897e+21  3.08515047e+22]
[-2.43080453e+22 -2.59021979e+21]
[-1.60415611e+21  1.44416993e+21]
[ 4.26193140e+22 -3.82817157e+22]
[2.14058035e+22 1.70021514e+21]
[ 5.65399511e+21 -3.73746182e+21]
[5.22050741e+21 1.37617118e+22]
[ 3.51368919e+22 -5.22525131e+22]
[-1.78546796e+22 -8.44239555e+21]
[-1.04571739e+22  1.66838407e+22]
[ 7.49670051e+21 -3.21712623e+21]
[-3.25005402e+21 -8.72123240e+21]
[-1.21071160e+22  3.60317196e+21]
[-5.82057692e+22 -3.89241830e+22]
[-5.90244324e+21 -1.05087411e+22]
[-6.19932260e+22  4.42324758e+22]
[ 3.52645742e+21 -2.72637204e+22]
[-1.74153434e+22 -6.41792981e+21]
[-1.31216816e+22 -2.22834331e+22]
[ 7.39038446e+23 -1.50948518e+24]
[ 1.39464952e+22 -6.09812653e+20]
[-4.99557249e+22 -1.75131162e+22]
[ 9.54976661e+20 -1.24060373e+22]
[6.21683876e+21 2.07177495e+22]
[4.68804186e+21 8.89511748e+21]
[ 1.24004522e+21 -2.79450974e+21]
[-2.83843599e+22 -3.41629347e+22]
[-1.34209987e+21 -8.34252630e+21]
[-1.43108388e+22  1.29625627e+22]
[-1.00459024e+22  1.31803581e+21]
[-6.69867213e+22  9.35435982e+21]
[-9.82180019e+21  5.16806933e+20]
[-8.77344467e+21  1.03948061e+22]
[ 1.40754689e+22 -5.69499855e+21]
[1.56520549e+19 5.26814568e+21]
[-7.45683870e+21 -1.54144817e+22]
[-5.61001219e+21  6.67623822e+21]
[ 3.30474565e+21 -3.76965279e+21]
[-7.35803448e+21  3.15842013e+21]
[-8.69777598e+20  5.34076218e+21]
[-2.83035508e+22 -1.33767491e+22]
[1.93003754e+21 4.00165532e+22]
[-1.02656466e+23  4.44008855e+22]
[1.00139957e+22 2.62682818e+22]
[-1.18528005e+22 -1.80794701e+22]
[-1.58082789e+22  1.54457436e+22]
[-1.22904341e+22  1.08199322e+22]
[1.13498338e+22 1.05374118e+22]
[-1.37652802e+22 -1.57887648e+22]
[-4.44436771e+22 -2.49404899e+22]
[-9.57821878e+22 -1.22077079e+23]
[-6.94783930e+21  9.17866993e+20]
[9.56124478e+21 2.47473499e+22]
[ 3.12940047e+22 -1.53208084e+21]
[ 2.32000754e+23 -5.36160707e+23]
[ 7.921688e+22 -5.106496e+21]
[8.46737470e+22 4.26059663e+22]
[ 3.52326796e+21 -7.59569591e+21]
[ 2.72322318e+22 -4.07162088e+22]
[-2.01707329e+19  1.59350542e+22]
[-1.93703037e+21  9.09297528e+21]
[ 5.02799158e+21 -2.27204028e+21]
[-6.04265217e+22  2.09964689e+22]
[-3.19292198e+22  3.70478971e+22]
[-2.28966219e+22  3.14223990e+22]
[ 9.09524394e+21 -1.11544249e+22]
[-5.61597806e+21  6.65114280e+21]
[8.75110449e+22 1.58798477e+22]
[-6.63024016e+21  4.16224715e+21]
[-3.32097582e+21  2.12384884e+21]
[1.62396705e+22 9.26267815e+21]
[-2.40257192e+22 -1.20472852e+22]
[-1.77064735e+22 -6.58683603e+21]
[-1.74985986e+22  1.91132457e+23]
[-1.35593301e+22 -7.15450276e+22]
[-1.51677307e+21 -3.53732876e+21]
[-1.45698785e+21  1.45469672e+21]
[-5.78296387e+21 -1.14151941e+22]
[-1.13297315e+22  9.01400281e+21]
[-1.18301083e+22 -6.63863805e+21]
[-4.59892590e+21  9.26027919e+21]
[-2.27288403e+20 -1.50447419e+22]
[1.88044782e+22 7.40475294e+21]
[4.50605897e+22 3.83377483e+22]
[-9.03446012e+21 -5.05392786e+21]
[ 5.22042234e+22 -4.92630767e+21]
[-3.61168727e+22  1.61623288e+22]
[ 2.02470441e+21 -9.54872941e+21]
[-1.70657212e+22 -1.31214828e+22]
[3.39040578e+21 7.11630978e+21]
[-1.15113775e+22  2.70607811e+22]
[-8.22262749e+21  4.08724196e+21]
[-7.79404954e+21 -5.10426982e+21]
[2.95470497e+21 1.77589885e+21]
[-5.16424569e+22 -1.38000904e+24]
[-1.60892101e+22  1.48755610e+22]
[-2.61714045e+21 -7.24466920e+21]
[-3.89447360e+22  3.17303837e+22]
[7.31234347e+20 6.29157071e+20]
[3.31758752e+22 7.69746352e+21]
[-1.42350989e+20 -6.12495017e+21]
[ 5.70318866e+21 -3.63518473e+22]
[-5.44345836e+21  2.67872619e+22]
[-7.26551707e+21  1.97548240e+21]
[5.04881103e+22 6.43894697e+22]
[-5.75719013e+20 -4.69678242e+20]
[-1.60258038e+21  1.13279269e+22]
[9.11641996e+21 1.37648846e+22]
[-3.31637102e+22 -1.54075058e+21]
[-3.76037810e+22  3.63299678e+22]
[5.0276579e+21 3.3477161e+21]
[-1.04009568e+22 -1.79825705e+22]
[-2.15576457e+22 -7.14922735e+20]
[1.58507649e+23 9.59965815e+22]
[ 6.29451539e+21 -3.59635706e+21]
[3.46351234e+21 6.70836593e+21]
[-2.99783811e+20  2.14128456e+22]
[ 1.89493617e+21 -8.79657760e+21]
[-4.35000599e+22 -1.43449507e+22]
[-5.63954505e+21 -3.92986040e+21]
[6.73920563e+21 9.57578726e+21]
[3.23884908e+22 5.57092516e+22]
[9.55301972e+22 5.14756232e+22]
[3.51903304e+21 2.05894233e+21]
[-7.40258572e+21  1.69990380e+22]
[5.71631342e+21 1.36889920e+22]
[-8.35159942e+20 -6.56360742e+22]
[5.31338284e+20 8.90941796e+20]
[-5.32383419e+21  5.50034053e+21]
[-1.51135682e+23 -5.01768001e+21]
[-1.52533733e+22 -5.39965219e+22]
[ 9.95552069e+21 -3.90611173e+21]
[-5.85974538e+21 -1.44876661e+22]
[ 9.08044341e+20 -5.48991557e+21]
[-1.89446709e+20 -4.43626931e+21]
[ 1.57195511e+22 -4.73281543e+21]
[ 3.99270578e+22 -7.81803853e+21]
[-5.65065376e+21 -1.98848034e+21]
[-5.27271544e+21  2.21083879e+22]
[2.56034478e+22 1.13430123e+22]
[-7.03922316e+21 -1.13353302e+22]
[ 2.92894331e+22 -1.23528060e+22]
[-6.03248257e+21  7.52042923e+21]
[ 1.00299652e+22 -1.72222995e+22]
[5.55435875e+22 9.35251333e+22]
[ 3.9200988e+21 -2.0400850e+22]
[7.26811198e+21 6.36564043e+21]
[ 1.78223690e+21 -1.24228013e+22]
[-1.04269336e+22 -3.95161273e+22]
[-6.67934339e+22 -4.60549329e+22]
[2.63542127e+22 2.90974526e+22]
[-1.98604933e+21  2.66158254e+22]
[-1.21166761e+22  4.57721993e+21]
[ 1.02768552e+22 -2.88412976e+21]
[ 1.07472406e+22 -1.28027050e+22]
[-1.05823884e+21 -1.14613536e+22]
[2.79235796e+22 1.47861927e+22]
[-4.00864573e+21 -1.11223176e+21]
[1.25267690e+22 4.32424984e+22]
[-2.31118023e+23  9.82188809e+22]
[2.26467186e+20 1.48298934e+22]
[4.38305440e+22 1.89241849e+22]
[ 1.44763910e+22 -1.39941699e+22]
[-5.44719918e+21  1.90332311e+22]
[-1.03933178e+23 -3.89763221e+22]
[-1.99063515e+22  1.20602872e+22]
[ 2.14044522e+22 -3.48024442e+21]
[-8.77625797e+21 -3.73101466e+22]
[-5.30252891e+21 -1.03272273e+22]
[8.03132988e+21 3.95483964e+23]
[-5.10748927e+21 -3.17397211e+22]
[-3.64474751e+21 -1.39323583e+22]
[ 2.20752163e+21 -1.68515530e+22]
[-1.84177403e+22 -3.18475169e+20]
[1.36339571e+21 2.54600149e+22]
[-2.14960858e+21 -3.69260941e+22]
[-1.69600198e+22 -1.34131041e+22]
[-5.35289022e+22  1.99717961e+21]
[ 2.00401430e+21 -9.45619236e+20]
[ 4.78053598e+21 -8.89355196e+21]
[ 2.37303448e+20 -2.46259022e+21]
[ 6.16753015e+21 -1.24699127e+20]
[ 2.43368127e+22 -4.54451517e+21]
[-5.56134646e+22 -1.78902953e+22]
[-1.38420078e+22  2.07483860e+21]
[-2.11291610e+21  3.94119086e+21]
[7.40495645e+22 1.38009787e+23]
[3.37536295e+22 7.03797364e+22]
[4.29082166e+21 2.18428158e+22]
[9.00827586e+21 4.05525021e+22]
[5.39637084e+21 1.97444697e+22]
[-8.85950619e+20 -6.19204237e+20]
[2.24415785e+20 6.81176900e+21]
[1.38445792e+22 4.19390887e+22]
[ 9.46093786e+20 -1.77114272e+22]
[5.42121916e+21 1.42975051e+22]
[-1.05180109e+22 -6.76828557e+21]
[ 4.12634033e+21 -7.23071305e+21]
[-1.72924182e+22 -1.31582379e+22]
[ 3.19852425e+23 -1.65088683e+23]
[-5.00164300e+21 -3.46507846e+21]
[-5.57470248e+22  2.08287742e+23]
[-8.12654977e+21 -2.01442323e+22]
[-1.94782740e+21 -8.81572018e+21]
[-1.32735524e+22 -1.60569888e+22]
[-6.53207784e+22 -3.31714576e+22]
[8.12387788e+21 4.21013858e+21]
[1.11643613e+22 8.71672138e+21]
[ 3.95213323e+22 -6.43965104e+20]
[1.70339171e+22 4.69970566e+21]
[-1.61506186e+21 -1.12636053e+21]
[-2.11887705e+22 -7.76583312e+21]
[-1.33226079e+22  3.39964994e+21]
[ 3.09411568e+21 -1.76713427e+22]
[-1.05450325e+21  9.14419444e+21]
[-2.91893979e+22  2.38385907e+22]
[1.65137020e+21 3.20043805e+22]
[-1.24032681e+22  5.66722175e+21]
[1.12670656e+22 2.19757752e+22]
[1.71507863e+22 3.07819366e+22]
[ 2.48289262e+22 -3.46519501e+20]
[ 5.81545631e+21 -7.20567174e+21]
[2.16034376e+23 2.47565316e+23]
[-4.15830106e+21 -1.04846301e+22]
[ 2.68584310e+21 -8.65495572e+21]
[-1.25220159e+21  3.44766328e+22]
[ 5.89821926e+21 -1.01854349e+22]
[-1.02988181e+22 -1.02872159e+23]
[2.86512917e+22 3.08948063e+21]
[ 1.10627473e+22 -1.19876192e+22]
[-1.09120553e+22 -5.74852082e+21]
[ 2.69401998e+21 -4.04173165e+22]
[-1.71724602e+21 -1.73281052e+22]
[8.83277879e+21 2.62616563e+21]
[-1.92734118e+21 -2.08025451e+20]
[-4.49550494e+22  1.88817448e+22]
[9.58535486e+22 4.79820509e+22]
[ 2.05525272e+22 -1.36584488e+21]
[4.84149494e+21 4.08101476e+21]
[9.65955085e+21 4.08154202e+22]
[-2.01514122e+22 -1.07148956e+22]
[-1.56816757e+22 -1.74504618e+22]
[-8.06533929e+21 -5.45621913e+21]
[ 1.58349009e+22 -1.95116419e+20]
[-3.11715359e+21  1.11454892e+22]
[ 5.33775517e+21 -5.17744951e+21]
[-3.08754345e+22 -5.07264068e+22]
[ 1.58978864e+22 -5.20579332e+22]
[2.23114381e+22 1.64544724e+22]
[ 1.05791995e+22 -1.13868810e+22]
[-7.72528173e+21  1.31789319e+22]
[4.40415542e+22 1.26925743e+23]
[-2.68058109e+21  1.35465330e+22]
[-1.57924371e+22 -3.78623144e+21]
[1.71398691e+22 1.70156609e+22]
[1.27341899e+23 1.83908912e+23]
[-6.90124440e+21  2.26166347e+22]
[-5.21620929e+21 -2.01841519e+22]
[3.72487625e+20 2.05478182e+22]
[-1.01617708e+22 -4.03404913e+21]
[-1.84918941e+22 -4.37518653e+22]
[1.57139088e+22 8.68460162e+20]
[-5.86654301e+21 -4.48836306e+22]
[-1.42502769e+21 -1.09317130e+22]
[-4.98628048e+21  8.62817933e+21]
[8.56793797e+22 4.32856629e+22]
[-9.78193764e+22  4.12025859e+22]
[-3.55257724e+21  1.29982150e+22]
[ 7.95524605e+21 -5.81748770e+20]
[ 1.8136563e+22 -1.3150705e+22]
[-4.90715050e+21  1.26080542e+22]
[6.39167316e+23 5.07157178e+22]
[ 4.47675502e+21 -1.32144772e+22]
[-1.27483595e+22  5.74702735e+21]
[ 1.17620476e+21 -1.43831581e+22]
[ 2.13404656e+22 -3.09836871e+22]
[ 1.50966725e+22 -2.02294233e+22]
[-7.62299326e+21 -3.89494713e+21]
[ 3.37427798e+22 -2.99079995e+21]
[-1.13888831e+22  1.08439230e+22]
[-5.00919591e+21 -6.57453621e+20]
[-5.96011447e+22  5.44588907e+22]
[-4.17796620e+21  1.11893856e+22]
[-4.14851147e+21 -3.37123534e+22]
[4.99487711e+23 1.88346026e+23]
[2.55302953e+21 6.55135634e+21]
[2.23142223e+21 3.22373521e+22]
[-2.76466472e+22 -3.57551308e+21]
[-1.32474312e+22 -9.96267707e+20]
[ 2.75330225e+21 -1.43888144e+20]
[1.09620980e+22 1.64818635e+22]
[-3.07381486e+21 -1.83908717e+21]
[7.28696935e+21 7.32698210e+21]
[2.73515908e+21 6.03366362e+21]
[-2.92338822e+22 -1.49035468e+22]
[ 1.83491026e+22 -1.31538996e+22]
[-5.03572581e+21  1.91654263e+22]
[ 1.8807773e+23 -3.2796773e+23]
[ 2.64385684e+22 -6.07306354e+21]
[-5.15552343e+22 -3.96978437e+22]
[-8.05203395e+21 -3.44477304e+21]
[ 6.89105247e+21 -2.01540519e+21]
[-3.15524137e+22 -2.98032003e+21]
[1.03029438e+21 5.10540714e+21]
[-1.26140886e+23  7.66441152e+22]
[-8.32030395e+20 -2.81233205e+21]
[ 1.50344628e+22 -2.82010946e+21]
[-1.90019886e+22 -1.90001363e+22]
[ 2.41843039e+21 -9.44726125e+20]
[-7.33534343e+21 -4.37057054e+21]
[6.89800799e+22 4.29177173e+22]
[2.25519618e+22 1.33503673e+21]
[1.55285217e+22 2.65107220e+21]
[4.16163348e+21 1.31876801e+21]
[-4.13236444e+22 -1.78562639e+22]
[ 5.16011342e+21 -1.91785074e+21]
[2.38502266e+22 7.41460065e+22]
[ 2.19738911e+22 -4.80535804e+22]
[-6.33042121e+22  6.46590328e+21]
[-2.69425566e+22  1.67022287e+22]
[-1.31229255e+22 -3.47742559e+22]
[ 1.64271954e+22 -1.62068277e+22]
[ 2.57766030e+22 -1.82391132e+21]
[ 9.95304474e+21 -2.57066852e+21]
[6.0325898e+20 3.8707547e+21]
[-2.04018971e+22  3.84457062e+22]
[-5.20241418e+21  3.68205629e+21]
[-4.24514572e+21  1.25664589e+22]
[3.91509028e+22 8.53332623e+21]
[-7.60953357e+22  2.37054231e+22]
[1.39234751e+21 1.15917141e+22]
[ 7.42001317e+22 -6.38251768e+22]
[-2.20514630e+21 -2.78620112e+21]
[1.70121910e+22 2.25447231e+22]
[-1.58693995e+22  9.44149373e+21]
[ 8.10665804e+21 -5.84908530e+21]
[ 6.73161729e+21 -2.27080042e+22]
[1.20219140e+22 3.39867282e+22]
[-3.21269784e+21 -1.91238434e+21]
[-1.28943045e+20  2.42338881e+22]
[-7.02585403e+20  5.65848111e+21]
[ 1.95910514e+22 -4.58134598e+20]
[-4.14215207e+22  7.95216213e+22]
[2.40980810e+19 4.63412408e+21]
[-1.63014833e+21 -1.15176705e+22]
[1.08186597e+22 4.83510764e+21]
[1.67428022e+22 3.42940844e+21]
[-1.37526215e+23  1.06199906e+23]
[-3.12327042e+22 -3.43232811e+22]
[ 1.91277738e+20 -1.05072400e+22]
[3.35756788e+22 6.51357896e+21]
[-5.16180379e+21 -2.66964971e+21]
[6.96703018e+21 1.56494376e+21]
[-1.69485332e+22  5.83967268e+21]
[-5.68948963e+21 -6.83506653e+20]
[3.14168994e+22 5.46639417e+21]
[-4.43167828e+22 -5.19955573e+21]
[-4.18374464e+21  7.65091957e+21]
[-8.28184036e+20 -2.11174116e+22]
[-1.21534829e+22  3.14669218e+22]
[-1.60880558e+22 -2.06435239e+21]
[-6.35548903e+21  3.99329899e+21]
[ 1.36356229e+22 -5.71866580e+21]
[3.48365366e+21 1.75474836e+22]
[ 8.38080527e+21 -8.37342601e+21]
[ 1.58820210e+22 -5.30320959e+21]
[ 1.77630838e+22 -2.79328243e+21]
[1.83737574e+21 1.78521113e+22]
[-3.86567175e+21 -1.00950058e+22]
[1.12366069e+22 7.95080205e+21]
[-2.30995851e+22  1.84101061e+21]
[-3.66621548e+21  3.59258433e+21]
[1.10659502e+22 5.05187723e+22]
[ 9.94431554e+21 -1.31662499e+22]
[9.88504423e+22 5.89486301e+22]
[4.29383423e+22 2.04122701e+21]
[3.08741140e+22 4.23434882e+22]
[1.04574662e+22 6.51419952e+23]
[ 3.56866993e+22 -3.81314005e+21]
[ 2.41306057e+21 -2.82562983e+22]
[ 4.64464915e+21 -1.31935880e+22]
[ 1.65589103e+22 -1.66133115e+21]
[5.4959268e+22 6.8448409e+19]
[ 2.27332359e+22 -8.68171227e+20]
[-1.0889521e+23  1.4785860e+23]
[1.94554945e+22 5.50786931e+21]
[2.85897980e+22 6.83700026e+21]
[ 1.86287567e+22 -1.28079946e+22]
[-6.09018922e+22  1.18276242e+23]
[-3.02867921e+22 -1.87203361e+22]
[1.09610703e+22 1.73612214e+22]
[-9.76318887e+21  1.17139496e+22]
[4.83624977e+20 2.00139100e+22]
[-1.23623753e+22 -1.34190476e+22]
[-4.53151964e+21 -4.39420105e+21]
[4.12613138e+21 1.01676686e+23]
[-2.29314617e+21  1.33601695e+22]
[-3.66482968e+21 -5.74427501e+22]
[ 4.75590256e+21 -2.22008231e+21]
[-2.09567469e+22  2.02645210e+22]
[-7.89725812e+21  9.03121174e+20]
[ 3.74429582e+21 -2.94888916e+21]
[-9.74787308e+21 -2.96833917e+21]
[-1.13238509e+21 -6.52447666e+21]
[-6.51693730e+20  7.32146665e+21]
[-1.78239868e+21 -7.65895415e+21]
[ 1.88007252e+22 -3.49702479e+22]
[1.25374383e+24 1.90232762e+24]
[4.72784603e+22 9.81303974e+21]
[-1.39818456e+22  6.64375525e+21]
[-3.81681851e+21  1.59654886e+22]
[-4.30145934e+21  2.78873049e+22]
[-4.57910913e+21  7.53847563e+21]
[1.32488151e+22 9.93840355e+21]
[5.61739451e+22 4.65570150e+22]
[-2.44845832e+21  6.67048617e+21]
[ 9.55231024e+21 -1.80407667e+22]
[-6.82559816e+21  3.14012952e+22]
[8.96360287e+21 2.37460875e+22]
[2.02973436e+21 4.49978930e+20]
[ 1.88558510e+23 -1.07786024e+23]
[ 1.74032958e+21 -1.38590201e+22]
[1.24480614e+22 7.20432159e+21]
[6.44619797e+22 3.38311720e+22]
[1.41867776e+22 1.82306436e+22]
[1.23496459e+22 3.40833651e+22]
[ 4.82819058e+21 -1.05476039e+22]
[ 6.12322923e+21 -1.33911896e+22]
[-1.91855549e+21 -1.53014798e+22]
[1.82534592e+22 2.05338927e+22]
[-1.11840375e+22 -1.83588664e+22]
[2.33915762e+22 7.74081471e+21]
[-9.65051326e+20 -7.38432029e+21]
[-1.16873683e+22  4.36861350e+21]
[-3.13800512e+21  6.03412666e+21]
[1.30271713e+22 4.12367145e+22]
[-1.92333232e+23  9.86739025e+22]
[1.48314598e+22 2.39550710e+22]
[-1.78205462e+22  3.95673860e+21]
[-4.04858598e+21 -1.71261134e+22]
[1.87524384e+22 1.50391366e+22]
[-8.43351238e+22  3.17260092e+22]
[-3.37448026e+22 -6.90821287e+21]
[8.10348215e+21 1.42680076e+21]
[1.74238179e+22 1.85781867e+22]
[1.28026851e+22 8.17784814e+21]
[-7.26580605e+22  5.62849871e+22]
[ 4.23396157e+22 -3.93951438e+22]
[1.96526850e+22 8.06831376e+22]
[7.85206587e+21 1.14091117e+22]
[2.02474203e+22 1.49056686e+21]
[2.13627501e+22 8.85913231e+20]
[ 5.69874817e+21 -1.86826830e+22]
[ 2.48614587e+23 -7.01650859e+22]
[-2.70045050e+21  2.25456316e+22]
[-2.58157854e+21  8.65433689e+21]
[-1.82104060e+22  6.66323747e+22]
[ 2.40555500e+21 -2.62357252e+21]
[-3.25295575e+21  1.00860502e+22]
[-1.84702598e+23  1.07900050e+23]
[2.57062577e+22 4.86635065e+21]
[-4.49943627e+20 -4.93949620e+21]
[9.63438950e+21 2.20698304e+21]
[ 3.27339483e+21 -8.31410997e+20]
[ 4.46344745e+21 -1.29443914e+22]
[-2.17494024e+22  1.58675722e+22]
[-1.43098899e+22 -1.32145502e+22]
[-2.97444895e+20 -6.55526306e+21]
[-3.93511651e+21 -6.71171631e+20]
[ 2.62235222e+22 -2.22495969e+22]
[-2.67963673e+19  2.31020083e+21]
[ 2.24026654e+22 -7.32175446e+21]
[ 4.24030916e+21 -2.28929629e+22]
[ 1.13586031e+22 -3.13843116e+22]
[1.48434101e+22 6.87208936e+21]
[2.65563055e+22 5.65519397e+22]
[-2.33263626e+22  2.99749296e+22]
[3.99508380e+22 8.25385258e+21]
[1.26802232e+22 1.36015913e+22]
[ 3.28076798e+22 -5.10076712e+22]
[-1.98178277e+22  9.88522322e+20]
[2.50208486e+22 1.90792394e+22]
[-1.41913583e+22  7.57448400e+21]
[-2.19308272e+23  5.64945337e+22]
[-5.76493496e+22  2.35457589e+23]
[-9.06069106e+20 -1.29921550e+22]
[1.75095605e+22 2.19924193e+22]
[3.51249752e+21 1.58650778e+22]
[-2.02510661e+21  4.46172800e+21]
[2.44538482e+22 1.04309562e+23]
[ 4.61331777e+23 -2.33770376e+23]
[ 2.56700591e+21 -7.49343913e+20]
[4.00280378e+21 4.95147874e+21]
[-3.83503765e+21 -4.48175026e+21]
[ 1.34623557e+21 -1.06149207e+22]
[1.18830961e+20 9.26314923e+21]
[-9.06104229e+21  1.08721320e+22]
[-1.78210387e+22  1.73691425e+21]
[ 9.91885151e+21 -1.59200127e+23]
[ 8.44561410e+21 -3.31985872e+21]
[-9.80557070e+21  7.69797499e+21]
[ 2.61689658e+21 -6.27728756e+20]
[-1.89783087e+20  1.98534672e+22]
[4.96000151e+20 9.78758820e+21]
[ 3.55905387e+22 -9.73435512e+22]
[-2.43995972e+22  9.59762255e+21]
[ 1.23284296e+22 -2.69498427e+22]
[6.52700089e+21 1.43982040e+22]
[-1.72071348e+22  7.50048883e+19]
[ 5.23735491e+21 -8.86422711e+21]
[-8.06703242e+22  7.02872008e+22]
[ 1.45247044e+22 -7.34288220e+20]
[-7.82577313e+20 -9.85783577e+21]
[2.06400232e+22 3.68702647e+22]
[ 2.90290108e+20 -2.06566836e+21]
[-1.86769958e+22  2.23870187e+22]
[-1.67200286e+22  7.08336818e+21]
[ 1.12164014e+22 -7.10451578e+20]
[1.28298159e+22 7.31684262e+21]
[-7.13167871e+21  2.48081541e+21]
