"Pozycja (x, y)","Prędkość (Vx, Vy)",Masa,"Siła (Fx, Fy)","Przyspieszenie (Ax, Ay)"
[-5.47075793e+32 -3.29111956e+33],[-5.52601811e+25 -3.32436319e+26],1e+30,[ 3.63143552e-15 -5.75318985e-15],[ 3.63143552e-45 -5.75318985e-45]
[1.69978946e+34 1.73874198e+34],[1.71695905e+27 1.75630503e+27],1e+30,[-8.27327483e-17 -8.53441466e-17],[-8.27327483e-47 -8.53441466e-47]
[ 5.25947042e+33 -5.41848976e+33],[ 5.31259638e+26 -5.47322198e+26],1e+30,[-1.07743842e-15  7.46767376e-16],[-1.07743842e-45  7.46767376e-46]
[4.31039576e+32 3.65640579e+33],[4.35393511e+25 3.69333918e+26],1e+30,[-1.83176861e-15 -1.51556896e-15],[-1.83176861e-45 -1.51556896e-45]
[ 1.08592371e+33 -1.06347999e+33],[ 1.09689263e+26 -1.07422221e+26],1e+30,[-5.98984018e-15  3.03279641e-15],[-5.98984018e-45  3.03279641e-45]
[-1.16758987e+34 -3.21491343e+34],[-1.1793837e+27 -3.2473873e+27],1e+30,[1.58725289e-17 5.48237995e-17],[1.58725289e-47 5.48237995e-47]
[ 4.45308423e+32 -1.80435873e+33],[ 4.49806487e+25 -1.82258458e+26],1e+30,[7.18513223e-15 9.55411354e-15],[7.18513223e-45 9.55411354e-45]
[7.88144629e+33 3.41995178e+34],[7.96105686e+26 3.45449675e+27],1e+30,[-1.90425121e-18 -5.87868387e-17],[-1.90425121e-48 -5.87868387e-47]
[ 5.25922085e+32 -6.51743499e+33],[ 5.31234430e+25 -6.58326767e+26],1e+30,[-4.28965713e-16 -4.89243301e-16],[-4.28965713e-46 -4.89243301e-46]
[-9.71816024e+33  1.26914840e+33],[-9.81632347e+26  1.28196809e+26],1e+30,[2.59418540e-16 1.03260341e-16],[2.59418540e-46 1.03260341e-46]
[ 2.09157262e+33 -8.69538781e+32],[ 2.11269962e+26 -8.78322001e+25],1e+30,[-2.98119179e-15  3.94925092e-15],[-2.98119179e-45  3.94925092e-45]
[-1.28374302e+34 -9.46476920e+34],[-1.29671012e+27 -9.56037293e+27],1e+30,[9.91523624e-19 7.31238130e-18],[9.91523624e-49 7.31238130e-48]
[-1.66614431e+32  1.75357536e+33],[-1.68297405e+25  1.77128824e+26],1e+30,[-4.61429487e-15  1.45554049e-15],[-4.61429487e-45  1.45554049e-45]
[ 4.37968456e+33 -9.63909136e+33],[ 4.42392380e+26 -9.73645592e+26],1e+30,[-2.95775630e-16  5.37499662e-16],[-2.95775630e-46  5.37499662e-46]
[3.29110170e+33 2.00957038e+33],[3.32434515e+26 2.02986907e+26],1e+30,[-2.01358779e-15 -3.75451660e-15],[-2.01358779e-45 -3.75451660e-45]
[ 2.79879605e+33 -1.64818518e+33],[ 2.82706672e+26 -1.66483352e+26],1e+30,[-1.98847916e-15  4.94392585e-16],[-1.98847916e-45  4.94392585e-46]
[-7.50086626e+32  2.01338979e+33],[-7.57663259e+25  2.03372706e+26],1e+30,[-3.12559356e-15  8.58346089e-15],[-3.12559356e-45  8.58346089e-45]
[ 1.76530031e+33 -4.11372441e+33],[ 1.78313163e+26 -4.15527719e+26],1e+30,[-1.85303491e-15  1.63032691e-15],[-1.85303491e-45  1.63032691e-45]
[ 3.57440353e+33 -9.77524095e+32],[ 3.61050862e+26 -9.87398075e+25],1e+30,[-4.22903252e-15  9.81252880e-16],[-4.22903252e-45  9.81252880e-46]
[-1.42256235e+33  4.41420290e+33],[-1.43693166e+26  4.45879081e+26],1e+30,[3.39862694e-15 9.23847958e-15],[3.39862694e-45 9.23847958e-45]
[4.30849167e+33 1.52832077e+33],[4.35201179e+26 1.54375835e+26],1e+30,[-2.44335369e-15 -1.63195026e-15],[-2.44335369e-45 -1.63195026e-45]
[-2.59883998e+33  7.96886247e+32],[-2.62509089e+26  8.04935604e+25],1e+30,[ 1.98746095e-15 -1.49334736e-15],[ 1.98746095e-45 -1.49334736e-45]
[-5.01857575e+33  1.29126125e+33],[-5.06926843e+26  1.30430429e+26],1e+30,[ 7.77490445e-16 -3.60466958e-16],[ 7.77490445e-46 -3.60466958e-46]
[2.38838652e+32 3.11227945e+32],[2.41251163e+25 3.14371661e+25],1e+30,[ 3.66878841e-15 -1.67747385e-14],[ 3.66878841e-45 -1.67747385e-44]
[ 1.51769657e+34 -1.24705518e+33],[ 1.53302684e+27 -1.25965169e+26],1e+30,[-2.14407990e-16 -9.84940467e-17],[-2.14407990e-46 -9.84940467e-47]
[1.62793736e+33 2.90535981e+33],[1.64438117e+26 2.93470688e+26],1e+30,[ 6.69836462e-15 -3.58442132e-16],[ 6.69836462e-45 -3.58442132e-46]
[-1.89601715e+33 -6.81645534e+32],[-1.91516883e+26 -6.88530842e+25],1e+30,[1.36849888e-15 1.76961861e-16],[1.36849888e-45 1.76961861e-46]
[-1.53909913e+34 -3.58775262e+34],[-1.55464558e+27 -3.62399255e+27],1e+30,[8.19909140e-18 4.03590944e-17],[8.19909140e-48 4.03590944e-47]
[-8.36030593e+32 -3.11291512e+33],[-8.44475347e+25 -3.14435870e+26],1e+30,[1.81830535e-14 2.70918591e-14],[1.81830535e-44 2.70918591e-44]
[-5.54113259e+33 -4.88092286e+33],[-5.59710362e+26 -4.93022511e+26],1e+30,[6.73400616e-16 6.06674570e-16],[6.73400616e-46 6.06674570e-46]
[-1.69128503e+33 -2.89137644e+33],[-1.70836872e+26 -2.92058226e+26],1e+30,[ 7.56988026e-15 -1.80143750e-14],[ 7.56988026e-45 -1.80143750e-44]
[3.51285523e+33 1.16870750e+33],[3.54833861e+26 1.18051262e+26],1e+30,[-1.00394133e-15  1.71197832e-15],[-1.00394133e-45  1.71197832e-45]
[-9.21240242e+33 -8.10318110e+32],[-9.30545699e+26 -8.18503141e+25],1e+30,[8.21792745e-16 2.26613503e-17],[8.21792745e-46 2.26613503e-47]
[8.90683653e+33 7.75961001e+33],[8.99680457e+26 7.83798990e+26],1e+30,[-3.35067946e-16 -2.41177311e-16],[-3.35067946e-46 -2.41177311e-46]
[-4.14432832e+33 -2.92383765e+33],[-4.18619022e+26 -2.95337136e+26],1e+30,[9.95899344e-16 4.08420750e-15],[9.95899344e-46 4.08420750e-45]
[-3.97080777e+33 -2.46564978e+32],[-4.01091694e+26 -2.49055533e+25],1e+30,[4.08464191e-15 9.90299047e-16],[4.08464191e-45 9.90299047e-46]
[-2.36285676e+33 -6.70543352e+32],[-2.38672400e+26 -6.77316517e+25],1e+30,[1.33370303e-15 1.50545813e-15],[1.33370303e-45 1.50545813e-45]
[ 8.94134661e+33 -5.55386690e+32],[ 9.03166325e+26 -5.60996655e+25],1e+30,[-4.80699944e-16  8.75211173e-16],[-4.80699944e-46  8.75211173e-46]
[ 1.31787356e+33 -1.91572147e+32],[ 1.33118541e+26 -1.93507224e+25],1e+30,[ 6.53841523e-15 -2.81996184e-15],[ 6.53841523e-45 -2.81996184e-45]
[-6.20740659e+33 -1.50357259e+33],[-6.27010767e+26 -1.51876019e+26],1e+30,[1.45896699e-14 4.74188472e-16],[1.45896699e-44 4.74188472e-46]
[ 7.41481084e+33 -5.70211414e+33],[ 7.48970792e+26 -5.75971125e+26],1e+30,[-5.42680753e-16  4.60599171e-16],[-5.42680753e-46  4.60599171e-46]
[ 1.90299281e+33 -9.00455148e+32],[ 1.92221496e+26 -9.09550654e+25],1e+30,[9.10227577e-17 3.20650360e-15],[9.10227577e-47 3.20650360e-45]
[ 5.42174166e+32 -2.64257176e+33],[ 5.47650672e+25 -2.66926441e+26],1e+30,[-1.25347377e-15  2.23407848e-15],[-1.25347377e-45  2.23407848e-45]
[1.90440115e+32 4.46599745e+33],[1.92363753e+25 4.51110855e+26],1e+30,[ 7.49389410e-16 -8.71032864e-16],[ 7.49389410e-46 -8.71032864e-46]
[ 1.03461405e+34 -8.53325466e+33],[ 1.04506470e+27 -8.61944915e+26],1e+30,[-2.90174429e-16  1.85500631e-16],[-2.90174429e-46  1.85500631e-46]
[5.2435054e+33 2.5870575e+33],[5.29647010e+26 2.61318939e+26],1e+30,[-1.96673005e-15 -1.91554710e-15],[-1.96673005e-45 -1.91554710e-45]
[3.78324957e+34 7.64281024e+34],[3.82146421e+27 7.72001035e+27],1e+30,[-4.07094812e-18 -8.58572472e-18],[-4.07094812e-48 -8.58572472e-48]
[6.84306948e+34 1.58169261e+34],[6.91219139e+27 1.59766930e+27],1e+30,[-1.30357565e-17 -3.56133873e-18],[-1.30357565e-47 -3.56133873e-48]
[-1.16828121e+34 -1.39516379e+34],[-1.18008203e+27 -1.40925635e+27],1e+30,[1.36126972e-16 1.58532878e-16],[1.36126972e-46 1.58532878e-46]
[ 1.93540577e+33 -5.76505143e+33],[ 1.95495532e+26 -5.82328428e+26],1e+30,[-1.44539360e-16  1.58308621e-15],[-1.44539360e-46  1.58308621e-45]
[-8.46678676e+32 -5.51464633e+33],[-8.55230985e+25 -5.57034983e+26],1e+30,[4.14550338e-15 6.10934884e-15],[4.14550338e-45 6.10934884e-45]
[-4.71644440e+33  6.04976531e+33],[-4.76408525e+26  6.11087405e+26],1e+30,[ 8.05328485e-16 -9.19018221e-16],[ 8.05328485e-46 -9.19018221e-46]
[1.81176340e+33 1.75473911e+34],[1.83006404e+26 1.77246375e+27],1e+30,[ 5.96512827e-17 -3.02994617e-16],[ 5.96512827e-47 -3.02994617e-46]
[-3.55738164e+32  1.15276342e+33],[-3.59331479e+25  1.16440750e+26],1e+30,[ 5.68049233e-15 -2.32116687e-15],[ 5.68049233e-45 -2.32116687e-45]
[ 2.61080944e+33 -2.04221075e+33],[ 2.63718125e+26 -2.06283915e+26],1e+30,[-3.75612353e-15 -5.12805532e-15],[-3.75612353e-45 -5.12805532e-45]
[ 3.54112795e+33 -4.80163082e+33],[ 3.57689691e+26 -4.85013214e+26],1e+30,[1.17552946e-16 5.36031590e-16],[1.17552946e-46 5.36031590e-46]
[-1.03747693e+34  3.08208791e+34],[-1.04795649e+27  3.11322011e+27],1e+30,[ 1.95633101e-17 -6.25248572e-17],[ 1.95633101e-47 -6.25248572e-47]
[ 8.76509553e+33 -6.62677867e+33],[ 8.85363185e+26 -6.69371582e+26],1e+30,[-4.30022841e-16  3.00358258e-16],[-4.30022841e-46  3.00358258e-46]
[1.17682729e+32 4.82923848e+33],[1.18871444e+25 4.87801866e+26],1e+30,[ 1.5862043e-16 -2.5129415e-15],[ 1.5862043e-46 -2.5129415e-45]
[6.28057824e+31 6.04134730e+33],[6.34401832e+24 6.10237100e+26],1e+30,[-6.52119717e-16 -1.24057416e-15],[-6.52119717e-46 -1.24057416e-45]
[-2.70989068e+33 -1.15404628e+33],[-2.73726331e+26 -1.16570331e+26],1e+30,[2.78452855e-15 1.64944127e-15],[2.78452855e-45 1.64944127e-45]
[ 6.87123486e+33 -2.69217504e+33],[ 6.94064127e+26 -2.71936873e+26],1e+30,[-8.28434719e-16  3.78101939e-17],[-8.28434719e-46  3.78101939e-47]
[-4.58936765e+33 -1.49232789e+33],[-4.63572490e+26 -1.50740191e+26],1e+30,[-1.88820799e-17  2.07901483e-16],[-1.88820799e-47  2.07901483e-46]
[-1.91172441e+33  6.02385495e+32],[-1.93103476e+26  6.08470198e+25],1e+30,[8.88414820e-15 8.31941851e-15],[8.88414820e-45 8.31941851e-45]
[-1.28415870e+33 -3.30035836e+33],[-1.29713000e+26 -3.33369531e+26],1e+30,[1.19440532e-15 1.80343529e-15],[1.19440532e-45 1.80343529e-45]
[-1.22200772e+33 -2.73859356e+33],[-1.23435123e+26 -2.76625612e+26],1e+30,[-3.61473547e-16 -6.22805723e-16],[-3.61473547e-46 -6.22805723e-46]
[-2.18694440e+33 -1.34739984e+33],[-2.20903475e+26 -1.36100994e+26],1e+30,[1.65137901e-15 1.44186730e-14],[1.65137901e-45 1.44186730e-44]
[-5.41558299e+33 -8.58939579e+33],[-5.47028585e+26 -8.67615736e+26],1e+30,[3.97514078e-15 4.44319295e-15],[3.97514078e-45 4.44319295e-45]
[-2.15007318e+33 -2.89527378e+33],[-2.17179109e+26 -2.92451897e+26],1e+30,[2.90737861e-15 3.73176554e-15],[2.90737861e-45 3.73176554e-45]
[7.99961165e+30 8.70321605e+32],[8.08041595e+23 8.79112732e+25],1e+30,[-2.92206337e-15  1.85851338e-15],[-2.92206337e-45  1.85851338e-45]
[-9.35797646e+32 -1.26009387e+33],[-9.45250149e+25 -1.27282209e+26],1e+30,[-1.58041111e-15  3.89669953e-15],[-1.58041111e-45  3.89669953e-45]
[2.25842666e+33 1.67789394e+34],[2.28123905e+26 1.69484237e+27],1e+30,[ 7.08018393e-19 -1.28381863e-16],[ 7.08018393e-49 -1.28381863e-46]
[-1.42812903e+33 -7.83821041e+33],[-1.44255458e+26 -7.91738425e+26],1e+30,[1.76270947e-19 1.19295926e-15],[1.76270947e-49 1.19295926e-45]
[-7.53450383e+32 -2.41372370e+32],[-7.61060993e+25 -2.43810475e+25],1e+30,[1.11894846e-14 5.17220926e-15],[1.11894846e-44 5.17220926e-45]
[-1.07799483e+33 -2.25846540e+32],[-1.08888367e+26 -2.28127818e+25],1e+30,[4.32865628e-15 1.74128415e-15],[4.32865628e-45 1.74128415e-45]
[ 7.70462239e+33 -1.94456183e+33],[ 7.78244686e+26 -1.96420387e+26],1e+30,[-1.06472817e-15  4.28132424e-16],[-1.06472817e-45  4.28132424e-46]
[ 2.36323388e+33 -7.66758619e+33],[ 2.38710493e+26 -7.74503655e+26],1e+30,[ 1.54111106e-14 -3.65553022e-15],[ 1.54111106e-44 -3.65553022e-45]
[1.96671831e+35 2.07600679e+35],[1.98658415e+28 2.09697655e+28],1e+30,[-5.68322739e-19 -6.01756529e-19],[-5.68322739e-49 -6.01756529e-49]
[-8.44439400e+33 -2.45041543e+33],[-8.52969091e+26 -2.47516710e+26],1e+30,[8.65259452e-16 8.59086289e-17],[8.65259452e-46 8.59086289e-47]
[ 1.73368802e+33 -2.43276796e+33],[ 1.75120002e+26 -2.45734138e+26],1e+30,[ 5.71477531e-15 -2.90390799e-14],[ 5.71477531e-45 -2.90390799e-44]
[-7.10914333e+32 -1.23432228e+33],[-7.18095286e+25 -1.24679018e+26],1e+30,[4.75449989e-16 5.20728825e-15],[4.75449989e-46 5.20728825e-45]
[ 2.22374462e+35 -5.80510735e+34],[ 2.24620669e+28 -5.86374480e+27],1e+30,[-1.23769352e-18  3.38148240e-19],[-1.23769352e-48  3.38148240e-49]
[4.68039427e+33 6.47322817e+33],[4.72767098e+26 6.53861431e+26],1e+30,[-3.01801676e-15 -1.42793917e-15],[-3.01801676e-45 -1.42793917e-45]
[4.53966840e+33 2.36933479e+33],[4.58552363e+26 2.39326747e+26],1e+30,[-4.38276739e-16 -1.11052680e-15],[-4.38276739e-46 -1.11052680e-45]
[ 3.44730982e+34 -8.15954187e+34],[ 3.48213113e+27 -8.24196149e+27],1e+30,[-3.18465017e-18  7.90060265e-18],[-3.18465017e-48  7.90060265e-48]
[1.80580954e+33 6.87810458e+32],[1.82405004e+26 6.94758038e+25],1e+30,[-1.82020372e-15 -3.03454417e-15],[-1.82020372e-45 -3.03454417e-45]
[-5.00526564e+33  1.62683185e+34],[-5.05582387e+26  1.64326449e+27],1e+30,[ 9.31294609e-17 -2.50697391e-16],[ 9.31294609e-47 -2.50697391e-46]
[-2.40055946e+33  5.31274159e+33],[-2.42480753e+26  5.36640564e+26],1e+30,[ 9.89152445e-16 -2.02399958e-15],[ 9.89152445e-46 -2.02399958e-45]
[1.52356055e+34 3.45524668e+33],[1.53895006e+27 3.49014816e+26],1e+30,[-2.65251929e-16 -3.59695941e-17],[-2.65251929e-46 -3.59695941e-47]
[ 7.37393243e+33 -1.62407408e+33],[ 7.44841660e+26 -1.64047887e+26],1e+30,[-5.93044764e-16 -8.29289148e-18],[-5.93044764e-46 -8.29289148e-48]
[3.70555346e+33 1.78717957e+33],[3.74298329e+26 1.80523189e+26],1e+30,[-2.58625181e-15 -3.39985055e-15],[-2.58625181e-45 -3.39985055e-45]
[-3.26561419e+33  5.62630102e+33],[-3.29860019e+26  5.68313235e+26],1e+30,[ 8.7065781e-16 -8.7853073e-16],[ 8.7065781e-46 -8.7853073e-46]
[3.59639012e+33 3.43886385e+33],[3.63271730e+26 3.47359985e+26],1e+30,[-2.74121389e-16  2.44342731e-16],[-2.74121389e-46  2.44342731e-46]
[-1.07061647e+33 -9.72966980e+32],[-1.08143078e+26 -9.82794930e+25],1e+30,[2.40182350e-15 8.84518684e-16],[2.40182350e-45 8.84518684e-46]
[-2.70803206e+33 -1.10247346e+31],[-2.73538592e+26 -1.11360951e+24],1e+30,[ 9.20218551e-16 -1.30989952e-15],[ 9.20218551e-46 -1.30989952e-45]
[ 2.00294456e+33 -6.45799579e+32],[ 2.02317632e+26 -6.52322808e+25],1e+30,[7.71278287e-16 1.78740418e-15],[7.71278287e-46 1.78740418e-45]
[5.58524122e+33 1.32164584e+33],[5.6416578e+26 1.3349958e+26],1e+30,[-4.43217533e-16 -2.23377317e-15],[-4.43217533e-46 -2.23377317e-45]
[-1.12344474e+35 -8.68751226e+33],[-1.13479267e+28 -8.77526491e+26],1e+30,[5.42086254e-18 4.12602326e-19],[5.42086254e-48 4.12602326e-49]
[-1.56079877e+33  4.29125697e+32],[-1.57656441e+26  4.33460299e+25],1e+30,[4.87153649e-15 1.03146409e-15],[4.87153649e-45 1.03146409e-45]
[-4.97439069e+32  8.34302695e+32],[-5.02463706e+25  8.42729995e+25],1e+30,[-2.39328541e-15 -1.81999456e-14],[-2.39328541e-45 -1.81999456e-44]
[ 4.21919364e+33 -2.51675740e+33],[ 4.26181176e+26 -2.54217919e+26],1e+30,[-1.66109512e-15  1.28500796e-15],[-1.66109512e-45  1.28500796e-45]
[-5.33950487e+33 -8.50453409e+33],[-5.39343926e+26 -8.59043848e+26],1e+30,[-3.00066672e-15 -3.34964287e-15],[-3.00066672e-45 -3.34964287e-45]
[-6.40888153e+32  1.22211644e+33],[-6.47361770e+25  1.23446105e+26],1e+30,[-1.28408829e-15 -1.74209290e-15],[-1.28408829e-45 -1.74209290e-45]
[-4.31898514e+33 -2.79419435e+33],[-4.36261128e+26 -2.82241856e+26],1e+30,[3.37201245e-15 1.46583700e-15],[3.37201245e-45 1.46583700e-45]
[2.15061255e+33 2.60046993e+33],[2.17233591e+26 2.62673730e+26],1e+30,[-1.98021507e-17 -3.74136150e-15],[-1.98021507e-47 -3.74136150e-45]
[-6.73109563e+32 -1.05140513e+33],[-6.79908648e+25 -1.06202538e+26],1e+30,[3.07430737e-13 6.88240758e-13],[3.07430737e-43 6.88240758e-43]
[ 5.70066635e+33 -3.42699812e+33],[ 5.75824884e+26 -3.46161427e+26],1e+30,[-1.04352211e-15  9.14483556e-16],[-1.04352211e-45  9.14483556e-46]
[-5.67130622e+33 -1.23817564e+33],[-5.72859214e+26 -1.25068247e+26],1e+30,[1.32781596e-15 1.35885008e-15],[1.32781596e-45 1.35885008e-45]
[-5.01284045e+32  5.71444471e+32],[-5.06347518e+25  5.77216635e+25],1e+30,[8.20663184e-15 8.06175708e-15],[8.20663184e-45 8.06175708e-45]
[3.43533409e+33 8.24430414e+32],[3.47003444e+26 8.32757993e+25],1e+30,[ 2.40938917e-15 -1.96304665e-15],[ 2.40938917e-45 -1.96304665e-45]
[-6.80685434e+33 -4.22802552e+33],[-6.87561044e+26 -4.27073284e+26],1e+30,[4.68993652e-17 9.71747016e-16],[4.68993652e-47 9.71747016e-46]
[-2.81112704e+34 -1.46240239e+33],[-2.83952227e+27 -1.47717413e+26],1e+30,[8.21989512e-17 3.93368594e-18],[8.21989512e-47 3.93368594e-48]
[-9.44261155e+32  4.59627693e+32],[-9.53799146e+25  4.64270397e+25],1e+30,[1.10055096e-15 2.13615615e-15],[1.10055096e-45 2.13615615e-45]
[-1.61149041e+33 -6.07635712e+33],[-1.62776810e+26 -6.13773447e+26],1e+30,[4.11454685e-16 8.30101943e-16],[4.11454685e-46 8.30101943e-46]
[5.90055005e+35 3.63313245e+34],[5.96015157e+28 3.66983076e+27],1e+30,[-1.94621115e-19 -1.20404629e-20],[-1.94621115e-49 -1.20404629e-50]
[2.36991319e+33 5.85041207e+32],[2.39385170e+26 5.90950714e+25],1e+30,[-4.07724905e-15 -2.69658901e-15],[-4.07724905e-45 -2.69658901e-45]
[-4.53366438e+33  1.78442676e+33],[-4.57945897e+26  1.80245127e+26],1e+30,[ 1.43741035e-15 -3.24457947e-16],[ 1.43741035e-45 -3.24457947e-46]
[-1.68174894e+34 -1.78184549e+34],[-1.69873631e+27 -1.79984393e+27],1e+30,[6.67354176e-17 1.95260184e-16],[6.67354176e-47 1.95260184e-46]
[-5.68026834e+32  1.93743558e+33],[-5.73764479e+25  1.95700563e+26],1e+30,[-2.58697122e-15 -3.41948767e-15],[-2.58697122e-45 -3.41948767e-45]
[ 1.85319523e+33 -8.65519011e+33],[ 1.87191437e+26 -8.74261627e+26],1e+30,[-1.15925742e-16  8.17436543e-16],[-1.15925742e-46  8.17436543e-46]
[-9.52168995e+33 -1.19522724e+34],[-9.61786864e+26 -1.20730025e+27],1e+30,[2.04740391e-16 1.87700966e-16],[2.04740391e-46 1.87700966e-46]
[ 1.82435076e+32 -3.88589656e+33],[ 1.84277855e+25 -3.92514804e+26],1e+30,[-5.22120330e-15  4.02950586e-15],[-5.22120330e-45  4.02950586e-45]
[-1.68788544e+34 -1.70629648e+34],[-1.70493478e+27 -1.72353180e+27],1e+30,[ 9.18494840e-17 -3.82893766e-17],[ 9.18494840e-47 -3.82893766e-47]
[2.58307979e+32 1.17144172e+33],[2.60917149e+25 1.18327447e+26],1e+30,[-2.11182912e-15 -4.02037562e-15],[-2.11182912e-45 -4.02037562e-45]
[ 3.16738793e+33 -5.36611390e+32],[ 3.19938175e+26 -5.42031707e+25],1e+30,[-1.84205305e-15  2.29481857e-15],[-1.84205305e-45  2.29481857e-45]
[3.08290427e+33 1.71931996e+34],[3.11404472e+26 1.73668683e+27],1e+30,[-1.38077050e-16 -2.50028641e-16],[-1.38077050e-46 -2.50028641e-46]
[ 1.33380883e+33 -3.76752702e+32],[ 1.34728165e+26 -3.80558285e+25],1e+30,[3.12588379e-15 3.90104082e-15],[3.12588379e-45 3.90104082e-45]
[-7.99232889e+32  4.81475797e+33],[-8.07305949e+25  4.86339189e+26],1e+30,[-2.37617949e-15 -3.46847319e-15],[-2.37617949e-45 -3.46847319e-45]
[1.23118988e+33 2.40801250e+33],[1.24362614e+26 2.43233586e+26],1e+30,[-1.84966001e-15 -1.64436907e-15],[-1.84966001e-45 -1.64436907e-45]
[-1.31508325e+33 -3.73242724e+33],[-1.32836692e+26 -3.77012853e+26],1e+30,[1.94601477e-15 2.91413178e-15],[1.94601477e-45 2.91413178e-45]
[-8.71831938e+33 -3.55934622e+33],[-8.80638321e+26 -3.59529921e+26],1e+30,[7.63459763e-16 3.34566250e-16],[7.63459763e-46 3.34566250e-46]
[1.12256559e+33 6.04085467e+33],[1.13390464e+26 6.10187341e+26],1e+30,[-5.38972561e-16 -1.22431982e-15],[-5.38972561e-46 -1.22431982e-45]
[ 1.98630129e+33 -3.69199112e+32],[ 2.00636494e+26 -3.72928397e+25],1e+30,[ 4.52927074e-16 -5.28709175e-16],[ 4.52927074e-46 -5.28709175e-46]
[-7.48789115e+33 -4.59628138e+33],[-7.56352641e+26 -4.64270846e+26],1e+30,[7.08576540e-16 5.89117165e-16],[7.08576540e-46 5.89117165e-46]
[ 5.54905404e+33 -1.11424711e+34],[ 5.60510509e+26 -1.12550213e+27],1e+30,[-2.13918446e-16  3.58864513e-16],[-2.13918446e-46  3.58864513e-46]
[-3.93880197e+33 -7.21062551e+32],[-3.97858785e+26 -7.28346013e+25],1e+30,[3.14003243e-15 1.82819939e-15],[3.14003243e-45 1.82819939e-45]
[-1.35798101e+33  7.13566667e+33],[-1.37169799e+26  7.20774411e+26],1e+30,[ 3.0792096e-16 -1.2682285e-15],[ 3.0792096e-46 -1.2682285e-45]
[-6.94136045e+31 -1.63852581e+33],[-7.01147522e+24 -1.65507657e+26],1e+30,[1.87269811e-15 1.99385617e-15],[1.87269811e-45 1.99385617e-45]
[ 1.56439943e+33 -1.92276245e+33],[ 1.58020145e+26 -1.94218429e+26],1e+30,[-5.64868515e-16  5.96335265e-15],[-5.64868515e-46  5.96335265e-45]
[4.65160839e+33 1.38414641e+33],[4.69859433e+26 1.39812769e+26],1e+30,[-2.57762625e-15 -8.49484710e-16],[-2.57762625e-45 -8.49484710e-46]
[-2.01716134e+33 -4.05995553e+33],[-2.03753671e+26 -4.10096519e+26],1e+30,[ 2.37037553e-15 -5.30461889e-14],[ 2.37037553e-45 -5.30461889e-44]
[ 5.17717155e+31 -3.50970975e+31],[ 5.22946625e+24 -3.54516132e+24],1e+30,[ 7.26138588e-16 -5.45692171e-16],[ 7.26138588e-46 -5.45692171e-46]
[-2.85847495e+33  1.28816092e+33],[-2.88734843e+26  1.30117264e+26],1e+30,[ 1.51462546e-15 -1.08544115e-15],[ 1.51462546e-45 -1.08544115e-45]
[ 3.52409997e+33 -1.26452521e+34],[ 3.55969694e+26 -1.27729819e+27],1e+30,[-1.55199475e-16  6.18960633e-16],[-1.55199475e-46  6.18960633e-46]
[ 1.43648684e+33 -3.23180248e+33],[ 1.45099681e+26 -3.26444695e+26],1e+30,[-2.25012480e-15  2.42945205e-15],[-2.25012480e-45  2.42945205e-45]
[5.42354009e+34 2.70461520e+33],[5.47832333e+27 2.73193454e+26],1e+30,[-2.29394423e-17 -1.97728529e-18],[-2.29394423e-47 -1.97728529e-48]
[9.18987081e+31 2.73772117e+33],[9.28269778e+24 2.76537492e+26],1e+30,[-4.26463011e-16 -2.81166787e-15],[-4.26463011e-46 -2.81166787e-45]
[3.72909337e+32 1.05780998e+33],[3.76676098e+25 1.06849493e+26],1e+30,[-5.23726438e-15 -2.43897464e-15],[-5.23726438e-45 -2.43897464e-45]
[ 2.36448597e+34 -2.70145012e+34],[ 2.38836967e+27 -2.72873750e+27],1e+30,[-3.42221513e-17  3.71194208e-17],[-3.42221513e-47  3.71194208e-47]
[-3.83527404e+32 -9.75042663e+33],[-3.87401418e+25 -9.84891579e+26],1e+30,[2.32215338e-16 8.52673164e-16],[2.32215338e-46 8.52673164e-46]
[1.76350122e+33 2.93397397e+33],[1.78131436e+26 2.96361007e+26],1e+30,[-2.14686492e-13 -9.66555836e-14],[-2.14686492e-43 -9.66555836e-44]
[1.32029736e+33 3.98100069e+32],[1.33363370e+26 4.02121284e+25],1e+30,[ 2.36095069e-16 -8.21944914e-16],[ 2.36095069e-46 -8.21944914e-46]
[-6.83899900e+34  5.74534041e+33],[-6.90807979e+27  5.80337415e+26],1e+30,[ 1.52063163e-17 -1.72472045e-18],[ 1.52063163e-47 -1.72472045e-48]
[3.51845893e+33 7.30379064e+32],[3.55399892e+26 7.37756631e+25],1e+30,[-3.50860297e-15  4.57772183e-15],[-3.50860297e-45  4.57772183e-45]
[-4.26061682e+33  2.04786684e+33],[-4.30365335e+26  2.06855236e+26],1e+30,[ 9.76638282e-16 -8.12272785e-16],[ 9.76638282e-46 -8.12272785e-46]
[-4.55089906e+32 -7.86301321e+31],[-4.59686773e+25 -7.94243759e+24],1e+30,[-1.01241292e-13 -1.16021018e-13],[-1.01241292e-43 -1.16021018e-43]
[-2.35780209e+33 -3.16514211e+33],[-2.38161827e+26 -3.19711325e+26],1e+30,[2.61257267e-15 2.55786523e-15],[2.61257267e-45 2.55786523e-45]
[2.75309730e+33 1.67005966e+33],[2.78090636e+26 1.68692895e+26],1e+30,[ 6.24395321e-15 -2.25930166e-15],[ 6.24395321e-45 -2.25930166e-45]
[2.14452414e+34 1.94766187e+34],[2.16618600e+27 1.96733522e+27],1e+30,[-6.36144789e-17 -5.48440257e-17],[-6.36144789e-47 -5.48440257e-47]
[-7.18500414e+34 -1.32910582e+34],[-7.25757994e+27 -1.34253113e+27],1e+30,[1.21805681e-17 2.16845569e-18],[1.21805681e-47 2.16845569e-48]
[4.09926362e+33 1.28416495e+32],[4.14067032e+26 1.29713631e+25],1e+30,[-2.06471869e-15 -1.03102411e-16],[-2.06471869e-45 -1.03102411e-46]
[ 4.35764900e+34 -2.53917854e+34],[ 4.40166565e+27 -2.56482681e+27],1e+30,[-2.30160913e-17  1.37151635e-17],[-2.30160913e-47  1.37151635e-47]
[1.52060529e+33 1.99567492e+33],[1.53596494e+26 2.01583325e+26],1e+30,[ 6.73063845e-16 -1.32819610e-14],[ 6.73063845e-46 -1.32819610e-44]
[-1.34428899e+34  5.70607188e+33],[-1.35786767e+27  5.76370897e+26],1e+30,[ 3.03358954e-16 -1.28250545e-16],[ 3.03358954e-46 -1.28250545e-46]
[-5.70240005e+32 -1.27991694e+34],[-5.76000005e+25 -1.29284540e+27],1e+30,[-1.30998086e-15 -2.14065878e-16],[-1.30998086e-45 -2.14065878e-46]
[-1.38886467e+33 -6.84159049e+33],[-1.40289361e+26 -6.91069747e+26],1e+30,[-1.08349889e-15  2.00258633e-15],[-1.08349889e-45  2.00258633e-45]
[8.52350539e+33 5.20399260e+32],[8.60960141e+26 5.25655818e+25],1e+30,[-7.82447301e-16 -3.24773703e-16],[-7.82447301e-46 -3.24773703e-46]
[-1.42980517e+33  1.72117040e+33],[-1.44424764e+26  1.73855596e+26],1e+30,[ 4.77712358e-16 -1.42309990e-15],[ 4.77712358e-46 -1.42309990e-45]
[-7.18485372e+33 -2.75620014e+33],[-7.25742800e+26 -2.78404055e+26],1e+30,[8.08352062e-16 6.67819383e-16],[8.08352062e-46 6.67819383e-46]
[5.81797044e+33 2.42914282e+33],[5.87673782e+26 2.45367961e+26],1e+30,[-1.74222844e-15 -6.53695711e-16],[-1.74222844e-45 -6.53695711e-46]
[-2.73550637e+33  2.59531957e+33],[-2.76313774e+26  2.62153492e+26],1e+30,[ 1.88646303e-15 -9.63750652e-16],[ 1.88646303e-45 -9.63750652e-46]
[1.39589485e+33 4.28036607e+33],[1.40999479e+26 4.32360209e+26],1e+30,[-7.66594496e-16 -2.38818251e-15],[-7.66594496e-46 -2.38818251e-45]
[-9.75993706e+33  1.87992556e+33],[-9.85852228e+26  1.89891470e+26],1e+30,[ 5.37057039e-16 -4.40548754e-16],[ 5.37057039e-46 -4.40548754e-46]
[ 2.20314301e+33 -5.67793767e+32],[ 2.22539698e+26 -5.73529057e+25],1e+30,[1.58308452e-15 2.26521636e-15],[1.58308452e-45 2.26521636e-45]
[-1.85345056e+33  5.42340023e+33],[-1.87217228e+26  5.47818205e+26],1e+30,[ 2.82661775e-15 -1.97291247e-15],[ 2.82661775e-45 -1.97291247e-45]
[-6.31072212e+33  2.50893007e+33],[-6.37446679e+26  2.53427280e+26],1e+30,[ 7.31844629e-16 -5.38092890e-16],[ 7.31844629e-46 -5.38092890e-46]
[ 6.77231807e+33 -7.33931886e+33],[ 6.84072532e+26 -7.41345339e+26],1e+30,[-4.61390261e-16  4.49568049e-16],[-4.61390261e-46  4.49568049e-46]
[-6.65596873e+33 -1.74194235e+34],[-6.72320074e+26 -1.75953773e+27],1e+30,[3.79377369e-17 2.26608098e-16],[3.79377369e-47 2.26608098e-46]
[-5.64387186e+33 -5.18280026e+32],[-5.70088066e+26 -5.23515178e+25],1e+30,[-1.12795845e-14 -1.05000172e-14],[-1.12795845e-44 -1.05000172e-44]
[-3.79383592e+33 -8.41252515e+33],[-3.83215750e+26 -8.49750015e+26],1e+30,[1.29880283e-16 1.14637112e-15],[1.29880283e-46 1.14637112e-45]
[-3.12452999e+33  4.12891647e+32],[-3.15609090e+26  4.17062271e+25],1e+30,[2.03309775e-13 8.07542197e-14],[2.03309775e-43 8.07542197e-44]
[-4.57908124e+33 -7.29903044e+33],[-4.62533460e+26 -7.37275806e+26],1e+30,[9.25400300e-16 2.54062662e-16],[9.25400300e-46 2.54062662e-46]
[2.58006174e+32 1.70951942e+33],[2.60612297e+25 1.72678729e+26],1e+30,[-7.97770748e-16 -9.43117115e-16],[-7.97770748e-46 -9.43117115e-46]
[-1.33442632e+33  1.07596791e+33],[-1.34790537e+26  1.08683627e+26],1e+30,[1.57812879e-14 2.00671474e-14],[1.57812879e-44 2.00671474e-44]
[-4.00537053e+33 -2.06218586e+33],[-4.04582882e+26 -2.08301602e+26],1e+30,[4.75435364e-16 6.93597661e-16],[4.75435364e-46 6.93597661e-46]
[-9.36953018e+32  6.77119165e+32],[-9.46417190e+25  6.83958752e+25],1e+30,[ 3.35488769e-15 -2.78266170e-15],[ 3.35488769e-45 -2.78266170e-45]
[2.33320128e+33 2.47772707e+33],[2.35676897e+26 2.50275461e+26],1e+30,[-3.57118150e-15 -3.93901551e-15],[-3.57118150e-45 -3.93901551e-45]
[-1.56897173e+34  1.92215175e+33],[-1.58481993e+27  1.94156743e+26],1e+30,[ 2.55045440e-16 -2.59290023e-17],[ 2.55045440e-46 -2.59290023e-47]
[-7.96950141e+32  2.21565990e+33],[-8.05000130e+25  2.23804034e+26],1e+30,[ 7.16932044e-15 -1.41564935e-14],[ 7.16932044e-45 -1.41564935e-44]
[-3.87383720e+32 -2.20534132e+33],[-3.91296688e+25 -2.22761749e+26],1e+30,[ 3.69605790e-15 -5.96835237e-15],[ 3.69605790e-45 -5.96835237e-45]
[1.94684231e+34 2.14124620e+32],[1.96650739e+27 2.16287495e+25],1e+30,[-1.74381584e-16 -9.85770056e-18],[-1.74381584e-46 -9.85770056e-48]
[3.92734085e+33 1.46793853e+33],[3.96701096e+26 1.48276619e+26],1e+30,[-3.67848693e-15 -2.37275562e-15],[-3.67848693e-45 -2.37275562e-45]
[-3.88098406e+33 -9.71818144e+33],[-3.92018592e+26 -9.81634489e+26],1e+30,[-1.06287955e-16  5.01836891e-16],[-1.06287955e-46  5.01836891e-46]
[-1.60621615e+33  1.97587870e+33],[-1.62244055e+26  1.99583707e+26],1e+30,[2.84508072e-15 1.38609282e-15],[2.84508072e-45 1.38609282e-45]
[ 4.64536825e+33 -3.06118882e+33],[ 4.69229117e+26 -3.09210992e+26],1e+30,[-1.02369354e-15  1.10446812e-15],[-1.02369354e-45  1.10446812e-45]
[ 1.02182871e+34 -1.00738959e+34],[ 1.03215021e+27 -1.01756524e+27],1e+30,[-2.82865267e-16  2.24149139e-16],[-2.82865267e-46  2.24149139e-46]
[-3.41667220e+33  1.60691978e+33],[-3.45118404e+26  1.62315129e+26],1e+30,[ 2.27715660e-15 -1.80225093e-15],[ 2.27715660e-45 -1.80225093e-45]
[-4.68665690e+32 -9.43120843e+31],[-4.73399686e+25 -9.52647318e+24],1e+30,[1.05022870e-13 1.21748142e-13],[1.05022870e-43 1.21748142e-43]
[-3.07356748e+32 -2.28370346e+33],[-3.10461361e+25 -2.30677117e+26],1e+30,[-5.94672825e-15 -5.29510402e-16],[-5.94672825e-45 -5.29510402e-46]
[-4.04174438e+33 -9.04072934e+33],[-4.08257008e+26 -9.13204984e+26],1e+30,[3.18260421e-16 6.86228152e-16],[3.18260421e-46 6.86228152e-46]
[-6.86717764e+33  1.99495265e+33],[-6.93654308e+26  2.01510369e+26],1e+30,[ 1.48425760e-15 -6.54340621e-16],[ 1.48425760e-45 -6.54340621e-46]
[-6.29222530e+34  2.25317707e+34],[-6.35578313e+27  2.27593644e+27],1e+30,[ 1.41803105e-17 -5.48437141e-18],[ 1.41803105e-47 -5.48437141e-48]
[-3.12815483e+33 -7.78761881e+31],[-3.15975235e+26 -7.86628164e+24],1e+30,[1.71039723e-14 3.19469591e-14],[1.71039723e-44 3.19469591e-44]
[ 1.85947962e+33 -2.88792861e+33],[ 1.87826224e+26 -2.91709960e+26],1e+30,[-2.61811518e-15  3.35788951e-15],[-2.61811518e-45  3.35788951e-45]
[-5.84689571e+34 -2.93723015e+34],[-5.90595526e+27 -2.96689914e+27],1e+30,[1.40621765e-17 7.25968176e-18],[1.40621765e-47 7.25968176e-48]
[-1.30324784e+33  4.81593080e+33],[-1.31641196e+26  4.86457657e+26],1e+30,[ 1.36650239e-15 -7.44971522e-15],[ 1.36650239e-45 -7.44971522e-45]
[-1.45266412e+32 -2.49480714e+33],[-1.46733750e+25 -2.52000722e+26],1e+30,[-3.10285613e-15  2.00023191e-15],[-3.10285613e-45  2.00023191e-45]
[ 1.60204326e+33 -4.77790253e+32],[ 1.61822551e+26 -4.82616417e+25],1e+30,[-2.21358691e-14  1.34910483e-14],[-2.21358691e-44  1.34910483e-44]
[ 3.24159007e+33 -1.10599185e+33],[ 3.27433340e+26 -1.11716349e+26],1e+30,[5.41046355e-16 1.99988106e-15],[5.41046355e-46 1.99988106e-45]
[-3.15243184e+33  5.71498170e+31],[-3.18427459e+26  5.77270879e+24],1e+30,[5.94986356e-15 5.02697214e-15],[5.94986356e-45 5.02697214e-45]
[ 5.32944405e+33 -2.29104864e+33],[ 5.38327681e+26 -2.31419055e+26],1e+30,[-1.55217621e-15  1.99898514e-16],[-1.55217621e-45  1.99898514e-46]
[ 6.73182090e+32 -1.54996264e+33],[ 6.79981909e+25 -1.56561883e+26],1e+30,[ 1.53534375e-15 -2.15617340e-15],[ 1.53534375e-45 -2.15617340e-45]
[9.23103297e+32 1.89307837e+33],[9.32427573e+25 1.91220037e+26],1e+30,[-1.53110705e-15 -2.07656213e-15],[-1.53110705e-45 -2.07656213e-45]
[-6.45811514e+32 -2.25688459e+33],[-6.52334863e+25 -2.27968140e+26],1e+30,[2.86713780e-15 2.70326149e-16],[2.86713780e-45 2.70326149e-46]
[-6.61932761e+32  7.75626727e+32],[-6.68618950e+25  7.83461341e+25],1e+30,[ 5.38326975e-15 -6.11441276e-15],[ 5.38326975e-45 -6.11441276e-45]
[7.07580730e+33 7.74825664e+33],[7.14728010e+26 7.82652186e+26],1e+30,[-3.11254115e-16 -4.73982648e-16],[-3.11254115e-46 -4.73982648e-46]
[-1.41974705e+33 -1.07777200e+33],[-1.43408793e+26 -1.08865859e+26],1e+30,[4.94598891e-15 5.92071924e-15],[4.94598891e-45 5.92071924e-45]
[-6.13056556e+32 -3.06178370e+33],[-6.19249047e+25 -3.09271081e+26],1e+30,[-1.70476738e-15 -5.47464708e-16],[-1.70476738e-45 -5.47464708e-46]
[-5.55137758e+33  3.60442801e+33],[-5.60745210e+26  3.64083637e+26],1e+30,[ 9.73858333e-16 -6.90864025e-16],[ 9.73858333e-46 -6.90864025e-46]
[-1.85774596e+33  6.55616625e+32],[-1.87651107e+26  6.62239015e+25],1e+30,[-6.60136796e-15 -8.58316930e-15],[-6.60136796e-45 -8.58316930e-45]
[ 5.38941234e+33 -1.55781283e+32],[ 5.44385085e+26 -1.57354830e+25],1e+30,[-1.74037013e-15  2.44975570e-15],[-1.74037013e-45  2.44975570e-45]
[1.69059215e+33 9.46468552e+33],[1.70766884e+26 9.56028841e+26],1e+30,[ 1.20147104e-16 -9.00519076e-16],[ 1.20147104e-46 -9.00519076e-46]
[ 2.46875600e+33 -5.10884535e+32],[ 2.49369293e+26 -5.16044985e+25],1e+30,[-6.34665578e-15  1.66018865e-15],[-6.34665578e-45  1.66018865e-45]
[-3.94895972e+33 -2.71612476e+33],[-3.98884821e+26 -2.74356037e+26],1e+30,[-1.00052357e-14  3.75037612e-14],[-1.00052357e-44  3.75037612e-44]
[-1.46505457e+34  1.50490208e+34],[-1.47985310e+27  1.52010311e+27],1e+30,[ 1.08486472e-16 -1.13232263e-16],[ 1.08486472e-46 -1.13232263e-46]
[1.47329460e+34 1.37307792e+34],[1.48817637e+27 1.38694739e+27],1e+30,[-5.50147224e-17 -1.53892095e-17],[-5.50147224e-47 -1.53892095e-47]
[-1.06852580e+33  3.06263758e+32],[-1.07931899e+26  3.09357332e+25],1e+30,[8.52744816e-16 2.39107556e-15],[8.52744816e-46 2.39107556e-45]
[ 4.27931428e+33 -6.46516399e+33],[ 4.32253967e+26 -6.53046868e+26],1e+30,[-7.26413082e-16  7.36109324e-16],[-7.26413082e-46  7.36109324e-46]
[ 3.78169892e+33 -6.09996831e+33],[ 3.81989790e+26 -6.16158415e+26],1e+30,[-5.34714382e-16  1.27887484e-15],[-5.34714382e-46  1.27887484e-45]
[-2.16660527e+31 -8.31121271e+33],[-2.18849019e+24 -8.39516435e+26],1e+30,[8.42583203e-16 2.95157645e-16],[8.42583203e-46 2.95157645e-46]
[-8.76944341e+33 -1.65424427e+33],[-8.85802365e+26 -1.67095381e+26],1e+30,[8.30246692e-16 9.95419655e-17],[8.30246692e-46 9.95419655e-47]
[7.38033540e+33 1.37598716e+34],[7.45488425e+26 1.38988602e+27],1e+30,[-1.47048046e-16 -2.29775680e-16],[-1.47048046e-46 -2.29775680e-46]
[-6.60336890e+34  7.68304443e+34],[-6.67006960e+27  7.76065094e+27],1e+30,[ 4.30732734e-18 -5.05217955e-18],[ 4.30732734e-48 -5.05217955e-48]
[-5.01904178e+33  2.22900803e+33],[-5.06973917e+26  2.25152327e+26],1e+30,[ 1.30632272e-15 -1.03356930e-15],[ 1.30632272e-45 -1.03356930e-45]
[4.99253790e+33 2.43429414e+33],[5.04296757e+26 2.45888297e+26],1e+30,[-1.36163531e-15 -1.83994055e-15],[-1.36163531e-45 -1.83994055e-45]
[ 3.27176645e+33 -3.04087756e+33],[ 3.30481459e+26 -3.07159350e+26],1e+30,[-1.33702428e-15  2.21429588e-15],[-1.33702428e-45  2.21429588e-45]
[1.94936114e+33 9.19218624e+33],[1.96905166e+26 9.28503661e+26],1e+30,[-5.40914625e-16 -2.55675094e-16],[-5.40914625e-46 -2.55675094e-46]
[ 9.45629195e+32 -2.36358330e+33],[ 9.55181008e+25 -2.38745788e+26],1e+30,[3.45293816e-17 1.96530050e-15],[3.45293816e-47 1.96530050e-45]
[ 9.07171431e+33 -1.02184693e+34],[ 9.16334779e+26 -1.03216862e+27],1e+30,[-1.98908501e-16  2.38293546e-16],[-1.98908501e-46  2.38293546e-46]
[8.88884726e+33 1.05658110e+34],[8.97863360e+26 1.06725363e+27],1e+30,[-2.28843924e-16 -2.72468891e-16],[-2.28843924e-46 -2.72468891e-46]
[9.54317267e+32 2.41927308e+32],[9.63956835e+25 2.44371018e+25],1e+30,[-2.93915859e-15 -4.30305929e-15],[-2.93915859e-45 -4.30305929e-45]
[-1.84391185e+34  1.61154867e+33],[-1.86253722e+27  1.62782694e+26],1e+30,[ 1.99846493e-16 -1.42926286e-17],[ 1.99846493e-46 -1.42926286e-47]
[6.10611439e+32 3.35583008e+33],[6.16779230e+25 3.38972735e+26],1e+30,[-1.08327877e-15 -2.06073633e-15],[-1.08327877e-45 -2.06073633e-45]
[-3.62193123e+32 -2.49265798e+33],[-3.65851639e+25 -2.51783635e+26],1e+30,[-4.51218827e-15 -4.66995460e-14],[-4.51218827e-45 -4.66995460e-44]
[-7.42249297e+34  4.81188108e+34],[-7.49746765e+27  4.86048594e+27],1e+30,[ 7.25977398e-18 -4.74950209e-18],[ 7.25977398e-48 -4.74950209e-48]
[ 2.42800861e+33 -7.89549046e+32],[ 2.45253395e+26 -7.97524289e+25],1e+30,[-4.80993809e-15  4.59136634e-15],[-4.80993809e-45  4.59136634e-45]
[8.06829747e+32 4.58398913e+32],[8.14979540e+25 4.63029205e+25],1e+30,[-3.51017551e-15 -7.91860021e-16],[-3.51017551e-45 -7.91860021e-46]
[ 3.61606190e+33 -7.24613207e+32],[ 3.65258778e+26 -7.31932533e+25],1e+30,[-3.23206474e-15 -1.59423112e-17],[-3.23206474e-45 -1.59423112e-47]
[3.77766493e+33 1.21527080e+33],[3.81582316e+26 1.22754626e+26],1e+30,[-4.07546670e-15 -1.52141384e-15],[-4.07546670e-45 -1.52141384e-45]
[-5.81033329e+33  1.57615412e+33],[-5.86902353e+26  1.59207487e+26],1e+30,[1.62897028e-15 1.69042085e-16],[1.62897028e-45 1.69042085e-46]
[ 3.18397458e+33 -1.80183576e+33],[ 3.21613594e+26 -1.82003612e+26],1e+30,[-1.6873306e-15  8.8773807e-16],[-1.6873306e-45  8.8773807e-46]
[-6.74355449e+33 -6.06301608e+33],[-6.81167120e+26 -6.12425867e+26],1e+30,[5.58448876e-16 4.43483897e-16],[5.58448876e-46 4.43483897e-46]
[-6.52021136e+33 -1.46528551e+34],[-6.58607208e+26 -1.48008637e+27],1e+30,[-1.10790871e-16  1.41389219e-16],[-1.10790871e-46  1.41389219e-46]
[-1.76372749e+33  3.31416749e+33],[-1.78154292e+26  3.34764392e+26],1e+30,[-1.00690552e-15 -2.41757588e-15],[-1.00690552e-45 -2.41757588e-45]
[ 1.41216608e+33 -1.62862715e+33],[ 1.42643038e+26 -1.64507793e+26],1e+30,[-3.29780863e-15  5.82471448e-15],[-3.29780863e-45  5.82471448e-45]
[-1.72968657e+33  1.40004226e+33],[-1.74715815e+26  1.41418410e+26],1e+30,[-5.28207028e-16  1.21322980e-15],[-5.28207028e-46  1.21322980e-45]
[ 9.24552625e+32 -1.15902672e+34],[ 9.33891541e+25 -1.17073406e+27],1e+30,[-8.84668474e-17  5.36234420e-16],[-8.84668474e-47  5.36234420e-46]
[ 8.74640408e+32 -1.61873144e+33],[ 8.83475160e+25 -1.63508226e+26],1e+30,[-6.71167277e-15  2.35395759e-15],[-6.71167277e-45  2.35395759e-45]
[-1.46012099e+33  6.99161607e+32],[-1.47486969e+26  7.06223845e+25],1e+30,[ 5.07050074e-15 -1.17903382e-15],[ 5.07050074e-45 -1.17903382e-45]
[1.42391977e+34 2.34693295e+34],[1.43830280e+27 2.37063935e+27],1e+30,[-4.71740018e-17 -7.37539695e-17],[-4.71740018e-47 -7.37539695e-47]
[-4.80089042e+32 -1.40467408e+33],[-4.84938427e+25 -1.41886271e+26],1e+30,[-1.73999289e-15  2.85310047e-15],[-1.73999289e-45  2.85310047e-45]
[1.39184278e+33 3.53403117e+33],[1.40590179e+26 3.56972845e+26],1e+30,[-2.18012032e-16 -1.77731913e-15],[-2.18012032e-46 -1.77731913e-45]
[-2.89740201e+33  3.14962593e+33],[-2.92666870e+26  3.18144034e+26],1e+30,[ 1.53883042e-15 -1.87109935e-15],[ 1.53883042e-45 -1.87109935e-45]
[-5.76980261e+33  1.88470306e+33],[-5.82808345e+26  1.90374046e+26],1e+30,[ 1.17710949e-15 -1.40234462e-15],[ 1.17710949e-45 -1.40234462e-45]
[-8.08928021e+33  7.66679295e+33],[-8.17099011e+26  7.74423530e+26],1e+30,[ 3.82637259e-16 -3.49447791e-16],[ 3.82637259e-46 -3.49447791e-46]
[-1.49000363e+33 -4.86825807e+33],[-1.50505418e+26 -4.91743242e+26],1e+30,[2.67701688e-16 1.79446523e-15],[2.67701688e-46 1.79446523e-45]
[ 7.16827324e+34 -3.19544932e+34],[ 7.24068004e+27 -3.22772658e+27],1e+30,[-1.00530329e-17  4.76610119e-18],[-1.00530329e-47  4.76610119e-48]
[7.44680034e+33 7.13094593e+33],[7.52202055e+26 7.20297568e+26],1e+30,[-4.67747762e-16 -2.41687542e-16],[-4.67747762e-46 -2.41687542e-46]
[3.15398304e+33 3.07626356e+33],[3.18584145e+26 3.10733693e+26],1e+30,[-1.35294997e-15 -1.20637264e-15],[-1.35294997e-45 -1.20637264e-45]
[ 5.21431668e+32 -1.83077877e+33],[ 5.26698654e+25 -1.84927148e+26],1e+30,[-1.16248260e-14  9.27514528e-15],[-1.16248260e-44  9.27514528e-45]
[4.40016016e+33 6.93953938e+33],[4.44460622e+26 7.00963574e+26],1e+30,[-5.30266036e-16 -1.00541471e-15],[-5.30266036e-46 -1.00541471e-45]
[-1.74866074e+33  1.55432955e+34],[-1.76632398e+26  1.57002985e+27],1e+30,[ 1.91637203e-16 -4.93133928e-16],[ 1.91637203e-46 -4.93133928e-46]
[-3.77994096e+33  8.30058211e+32],[-3.81812218e+26  8.38442637e+25],1e+30,[ 4.1193453e-15 -9.4913775e-16],[ 4.1193453e-45 -9.4913775e-46]
[-1.28950996e+34  4.13486507e+33],[-1.30253531e+27  4.17663139e+26],1e+30,[ 3.29567167e-16 -7.70661805e-17],[ 3.29567167e-46 -7.70661805e-47]
[-1.82668490e+34 -3.65010652e+34],[-1.84513626e+27 -3.68697628e+27],1e+30,[7.83227722e-18 4.28385996e-17],[7.83227722e-48 4.28385996e-47]
[ 2.98917089e+33 -8.24475103e+33],[ 3.01936454e+26 -8.32803134e+26],1e+30,[-3.96496868e-16  1.00214728e-15],[-3.96496868e-46  1.00214728e-45]
[-3.65664747e+33 -1.30884564e+32],[-3.6935833e+26 -1.3220663e+25],1e+30,[ 2.92674053e-15 -8.80484087e-16],[ 2.92674053e-45 -8.80484087e-46]
[2.15104210e+33 2.39999555e+33],[2.17276980e+26 2.42423793e+26],1e+30,[1.79003658e-15 7.21439509e-17],[1.79003658e-45 7.21439509e-47]
[6.96813839e+33 7.46449243e+32],[7.03852362e+26 7.53989134e+25],1e+30,[-3.08138955e-15  1.50216755e-15],[-3.08138955e-45  1.50216755e-45]
[3.24451938e+33 3.52269418e+31],[3.27729230e+26 3.55827696e+24],1e+30,[-3.1548469e-15 -7.9965694e-16],[-3.1548469e-45 -7.9965694e-46]
[ 5.58240501e+34 -9.69362999e+33],[ 5.63879294e+27 -9.79154544e+26],1e+30,[-2.06386175e-17  4.16260121e-18],[-2.06386175e-47  4.16260121e-48]
[2.16623182e+33 1.00576583e+33],[2.18811295e+26 1.01592508e+26],1e+30,[1.41482678e-15 3.83763532e-15],[1.41482678e-45 3.83763532e-45]
[3.53566563e+32 4.61527775e+33],[3.57137947e+25 4.66189672e+26],1e+30,[-1.72847236e-15 -2.58271423e-15],[-1.72847236e-45 -2.58271423e-45]
[4.35019277e+33 7.23802702e+32],[4.39413411e+26 7.31113839e+25],1e+30,[-7.52473496e-16  4.84070163e-16],[-7.52473496e-46  4.84070163e-46]
[ 2.22818132e+34 -3.16432092e+34],[ 2.25068820e+27 -3.19628376e+27],1e+30,[-2.45757100e-17  3.97321961e-17],[-2.45757100e-47  3.97321961e-47]
[-2.17810679e+33  5.59960821e+33],[-2.20010786e+26  5.65616991e+26],1e+30,[ 1.07132714e-15 -2.29154563e-15],[ 1.07132714e-45 -2.29154563e-45]
[ 1.02079661e+34 -2.32119814e+33],[ 1.03110769e+27 -2.34464458e+26],1e+30,[-5.68658253e-16  1.51086323e-16],[-5.68658253e-46  1.51086323e-46]
[-2.09170763e+33 -1.02413044e+33],[-2.11283599e+26 -1.03447520e+26],1e+30,[ 5.27231738e-16 -1.85108128e-15],[ 5.27231738e-46 -1.85108128e-45]
[ 4.46147438e+34 -2.24956252e+33],[ 4.50653978e+27 -2.27228537e+26],1e+30,[ 7.73230970e-18 -2.14671525e-17],[ 7.73230970e-48 -2.14671525e-47]
[1.11665441e+34 1.59177380e+33],[1.12793375e+27 1.60785232e+26],1e+30,[-4.73063048e-16  6.88756119e-17],[-4.73063048e-46  6.88756119e-47]
[-6.13774303e+33 -1.50247288e+33],[-6.19974044e+26 -1.51764937e+26],1e+30,[-1.33283680e-14  6.86512425e-17],[-1.33283680e-44  6.86512425e-47]
[-1.66449639e+33  5.39602556e+33],[-1.68130949e+26  5.45053087e+26],1e+30,[ 7.25814543e-16 -1.22600987e-15],[ 7.25814543e-46 -1.22600987e-45]
[7.52666144e+33 2.63560208e+33],[7.60268832e+26 2.66222433e+26],1e+30,[-9.25355196e-16 -3.88906564e-16],[-9.25355196e-46 -3.88906564e-46]
[ 6.85880253e+34 -7.77118138e+34],[ 6.92808336e+27 -7.84967816e+27],1e+30,[-4.97940707e-18  5.09140174e-18],[-4.97940707e-48  5.09140174e-48]
[-1.70769027e+33 -1.32805942e+33],[-1.72493967e+26 -1.34147416e+26],1e+30,[-1.23644224e-15  3.33492346e-15],[-1.23644224e-45  3.33492346e-45]
[-1.15552933e+33 -6.90638624e+32],[-1.16720134e+26 -6.97614773e+25],1e+30,[2.65036161e-15 1.42783062e-15],[2.65036161e-45 1.42783062e-45]
[ 1.34471125e+33 -2.76840699e+33],[ 1.35829419e+26 -2.79637068e+26],1e+30,[3.61005733e-15 3.22628781e-15],[3.61005733e-45 3.22628781e-45]
[ 1.14243838e+34 -6.17079379e+33],[ 1.15397816e+27 -6.23312504e+26],1e+30,[-3.41242724e-16  1.69304452e-16],[-3.41242724e-46  1.69304452e-46]
[ 2.23714354e+33 -4.23127071e+32],[ 2.25974095e+26 -4.27401081e+25],1e+30,[8.01570604e-15 4.15845303e-15],[8.01570604e-45 4.15845303e-45]
[ 3.38837003e+32 -3.51321335e+33],[ 3.42259599e+25 -3.54870035e+26],1e+30,[-2.38706748e-15  1.63508565e-15],[-2.38706748e-45  1.63508565e-45]
[-1.35716794e+33  5.28493384e+33],[-1.37087671e+26  5.33831701e+26],1e+30,[-1.37764886e-14 -6.60688250e-15],[-1.37764886e-44 -6.60688250e-45]
[ 2.10975939e+32 -2.10917806e+33],[ 2.13107009e+25 -2.13048290e+26],1e+30,[1.28417694e-16 2.27510567e-15],[1.28417694e-46 2.27510567e-45]
[ 2.40425784e+32 -8.34833765e+33],[ 2.42854327e+25 -8.43266429e+26],1e+30,[-1.15573863e-15  7.00966688e-16],[-1.15573863e-45  7.00966688e-46]
[1.48523046e+33 1.75288992e+33],[1.50023278e+26 1.77059587e+26],1e+30,[1.52782340e-13 2.29254149e-13],[1.52782340e-43 2.29254149e-43]
[6.44041835e+33 6.16870188e+32],[6.50547309e+26 6.23101200e+25],1e+30,[-9.15880273e-16  6.07481256e-16],[-9.15880273e-46  6.07481256e-46]
[-2.45335548e+33 -2.31246617e+32],[-2.47813685e+26 -2.33582441e+25],1e+30,[ 1.58529859e-15 -2.65085994e-15],[ 1.58529859e-45 -2.65085994e-45]
[-9.98555971e+32 -2.09880548e+33],[-1.00864240e+26 -2.12000554e+26],1e+30,[1.85922871e-15 1.70060187e-15],[1.85922871e-45 1.70060187e-45]
[-5.36402152e+33  1.42557324e+33],[-5.41820356e+26  1.43997297e+26],1e+30,[ 1.23259053e-15 -3.17449096e-16],[ 1.23259053e-45 -3.17449096e-46]
[2.09193375e+33 4.58648213e+33],[2.11306439e+26 4.63281023e+26],1e+30,[ 7.67116887e-17 -1.97737649e-15],[ 7.67116887e-47 -1.97737649e-45]
[-3.92525454e+33  5.87208095e+33],[-3.96490357e+26  5.93139490e+26],1e+30,[ 7.96256371e-16 -9.50081754e-16],[ 7.96256371e-46 -9.50081754e-46]
[4.38888307e+33 1.56170785e+34],[4.43321523e+26 1.57748268e+27],1e+30,[-8.64167822e-17 -2.28775103e-16],[-8.64167822e-47 -2.28775103e-46]
[ 3.20700911e+34 -2.33092562e+34],[ 3.23940314e+27 -2.35447032e+27],1e+30,[-3.47301024e-17  2.63077656e-17],[-3.47301024e-47  2.63077656e-47]
[-7.43940420e+33  1.61415767e+33],[-7.51454970e+26  1.63046229e+26],1e+30,[ 1.22778206e-15 -9.34450978e-17],[ 1.22778206e-45 -9.34450978e-47]
[4.49159993e+33 2.77392603e+33],[4.53696963e+26 2.80194549e+26],1e+30,[-9.96190473e-16 -1.77001275e-15],[-9.96190473e-46 -1.77001275e-45]
[-1.45901741e+34 -3.41647139e+33],[-1.47375495e+27 -3.45098120e+26],1e+30,[3.08897120e-16 6.74623845e-17],[3.08897120e-46 6.74623845e-47]
[3.88766909e+33 5.90120804e+32],[3.92693847e+26 5.96081620e+25],1e+30,[-2.29329295e-15  1.64692687e-15],[-2.29329295e-45  1.64692687e-45]
[6.18116087e+33 1.37834417e+33],[6.24359684e+26 1.39226684e+26],1e+30,[ 1.59361651e-15 -4.37436663e-16],[ 1.59361651e-45 -4.37436663e-46]
[7.85751389e+33 4.67042712e+33],[7.93688272e+26 4.71760315e+26],1e+30,[-4.15067810e-16 -4.07847106e-16],[-4.15067810e-46 -4.07847106e-46]
[-3.26211822e+32  3.75444071e+33],[-3.29506892e+25  3.79236436e+26],1e+30,[ 4.75074816e-15 -3.72191922e-15],[ 4.75074816e-45 -3.72191922e-45]
[-5.51955975e+31 -3.90736805e+33],[-5.57531288e+24 -3.94683642e+26],1e+30,[3.66130125e-16 6.67884939e-15],[3.66130125e-46 6.67884939e-45]
[-7.54296712e+33 -7.99647820e+33],[-7.61915871e+26 -8.07725071e+26],1e+30,[3.79547611e-16 3.89145394e-16],[3.79547611e-46 3.89145394e-46]
[ 4.21757603e+32 -1.72593471e+33],[ 4.26017780e+25 -1.74336839e+26],1e+30,[ 5.53630328e-15 -8.38923958e-15],[ 5.53630328e-45 -8.38923958e-45]
[ 5.55772278e+32 -1.17094218e+33],[ 5.61386140e+25 -1.18276988e+26],1e+30,[-9.91862415e-15  8.67602431e-15],[-9.91862415e-45  8.67602431e-45]
[7.63405952e+32 1.84291940e+32],[7.71117124e+25 1.86153475e+25],1e+30,[1.25402266e-16 1.13360590e-15],[1.25402266e-46 1.13360590e-45]
[6.32650346e+33 1.38736037e+33],[6.39040754e+26 1.40137410e+26],1e+30,[-4.56789696e-15 -9.37346756e-16],[-4.56789696e-45 -9.37346756e-46]
[ 2.28191128e+33 -1.52500222e+33],[ 2.30496089e+26 -1.54040629e+26],1e+30,[-1.85138798e-15  4.93537263e-15],[-1.85138798e-45  4.93537263e-45]
[ 4.25785452e+33 -5.28846882e+33],[ 4.30086316e+26 -5.34188770e+26],1e+30,[-2.22575505e-15  5.87861394e-16],[-2.22575505e-45  5.87861394e-46]
[5.84056238e+33 1.37302698e+34],[5.89955797e+26 1.38689594e+27],1e+30,[-9.70616972e-17 -2.57160254e-16],[-9.70616972e-47 -2.57160254e-46]
[ 1.68311964e+32 -3.85060464e+32],[ 1.70012085e+25 -3.88949964e+25],1e+30,[-1.61757682e-15  4.05200030e-15],[-1.61757682e-45  4.05200030e-45]
[-1.34696222e+33 -2.89787369e+33],[-1.36056790e+26 -2.92714514e+26],1e+30,[-3.31414787e-16  1.33945968e-15],[-3.31414787e-46  1.33945968e-45]
[1.85023125e+32 1.39450793e+33],[1.86892046e+25 1.40859387e+26],1e+30,[-2.55976815e-15 -3.75501574e-15],[-2.55976815e-45 -3.75501574e-45]
[-7.39370212e+33  2.54938783e+33],[-7.46838598e+26  2.57513922e+26],1e+30,[ 1.09231587e-15 -5.34726197e-16],[ 1.09231587e-45 -5.34726197e-46]
[-4.24043781e+32  5.56142237e+32],[-4.28327051e+25  5.61759836e+25],1e+30,[-1.33552722e-14  5.75042264e-15],[-1.33552722e-44  5.75042264e-45]
[ 3.07882943e+33 -6.18367067e+33],[ 3.10992871e+26 -6.24613199e+26],1e+30,[-2.00943831e-16  9.08843091e-16],[-2.00943831e-46  9.08843091e-46]
[-2.26259902e+33  2.63088930e+33],[-2.28545356e+26  2.65746394e+26],1e+30,[ 1.76255019e-15 -1.44121029e-15],[ 1.76255019e-45 -1.44121029e-45]
[-1.05321435e+33  1.12120926e+33],[-1.06385288e+26  1.13253461e+26],1e+30,[-3.98531466e-15 -1.05062896e-14],[-3.98531466e-45 -1.05062896e-44]
[2.73823271e+32 8.91663760e+32],[2.76589163e+25 9.00670464e+25],1e+30,[-1.06190702e-15 -9.46318629e-16],[-1.06190702e-45 -9.46318629e-46]
[9.06833871e+33 9.05179047e+33],[9.1599381e+26 9.1432227e+26],1e+30,[-2.91386039e-16 -2.77906154e-16],[-2.91386039e-46 -2.77906154e-46]
[-1.49149909e+34  2.72582882e+34],[-1.50656474e+27  2.75336245e+27],1e+30,[ 4.10107348e-17 -9.68783012e-17],[ 4.10107348e-47 -9.68783012e-47]
[-1.20921346e+34 -1.71172558e+33],[-1.22142774e+27 -1.72901573e+26],1e+30,[4.38911695e-16 1.13115028e-17],[4.38911695e-46 1.13115028e-47]
[-5.25162370e+33 -8.83445646e+32],[-5.30467041e+26 -8.92369340e+25],1e+30,[6.02450393e-16 7.57189557e-16],[6.02450393e-46 7.57189557e-46]
[2.34477128e+33 2.31178474e+33],[2.36845584e+26 2.33513610e+26],1e+30,[-2.17908833e-15  8.77852199e-16],[-2.17908833e-45  8.77852199e-46]
[-1.10139645e+33 -5.32247843e+31],[-1.11252167e+26 -5.37624061e+24],1e+30,[ 4.64493796e-15 -1.00853371e-15],[ 4.64493796e-45 -1.00853371e-45]
[-3.16280761e+34  1.77142770e+34],[-3.19475516e+27  1.78932090e+27],1e+30,[ 4.44431956e-17 -2.31305987e-17],[ 4.44431956e-47 -2.31305987e-47]
[ 1.40381083e+34 -2.29032073e+34],[ 1.41799074e+27 -2.31345529e+27],1e+30,[-2.85925311e-17  3.91022578e-17],[-2.85925311e-47  3.91022578e-47]
[ 2.46159163e+33 -2.26037047e+33],[ 2.48645619e+26 -2.28320250e+26],1e+30,[-9.93759093e-15  1.44206722e-14],[-9.93759093e-45  1.44206722e-44]
[1.01518590e+33 7.63444839e+32],[1.02544031e+26 7.71156404e+25],1e+30,[ 2.94034939e-15 -1.19155035e-15],[ 2.94034939e-45 -1.19155035e-45]
[-4.02341452e+33 -2.59706731e+33],[-4.06405507e+26 -2.62330032e+26],1e+30,[ 6.15593959e-15 -6.77305005e-15],[ 6.15593959e-45 -6.77305005e-45]
[ 4.15387187e+33 -2.20657369e+32],[ 4.19583017e+26 -2.22886231e+25],1e+30,[-1.26605727e-15  2.11659180e-15],[-1.26605727e-45  2.11659180e-45]
[-6.12194896e+33  6.35453860e+32],[-6.18378683e+26  6.41872586e+25],1e+30,[ 1.40377280e-15 -4.64073925e-16],[ 1.40377280e-45 -4.64073925e-46]
[-5.32250782e+33 -5.84807402e+33],[-5.37627053e+26 -5.90714547e+26],1e+30,[5.38002810e-16 5.82305941e-16],[5.38002810e-46 5.82305941e-46]
[-7.70995165e+32  6.06312270e+32],[-7.78782997e+25  6.12436636e+25],1e+30,[1.22172203e-14 2.37132281e-15],[1.22172203e-44 2.37132281e-45]
[-8.69397495e+33 -5.93228876e+33],[-8.78179288e+26 -5.99221087e+26],1e+30,[4.87175292e-16 3.45292127e-16],[4.87175292e-46 3.45292127e-46]
[-7.97450069e+32  2.08355444e+33],[-8.05505121e+25  2.10460045e+26],1e+30,[1.31449867e-14 1.11331438e-15],[1.31449867e-44 1.11331438e-45]
[4.45952940e+32 2.16785238e+33],[4.50457515e+25 2.18974988e+26],1e+30,[-1.97801425e-15 -9.86834131e-16],[-1.97801425e-45 -9.86834131e-46]
[2.08440882e+33 3.53789039e+33],[2.10546346e+26 3.57362666e+26],1e+30,[-1.42014575e-15 -1.84435387e-15],[-1.42014575e-45 -1.84435387e-45]
[-6.24231838e+33 -1.81023359e+33],[-6.30537210e+26 -1.82851878e+26],1e+30,[8.04267798e-16 2.17312467e-15],[8.04267798e-46 2.17312467e-45]
[ 4.9872745e+32 -9.9695871e+32],[ 5.03765101e+25 -1.00702900e+26],1e+30,[ 1.03643874e-14 -4.51503136e-16],[ 1.03643874e-44 -4.51503136e-46]
[2.85123990e+33 1.01227429e+33],[2.88004031e+26 1.02249928e+26],1e+30,[1.3221545e-14 3.8783794e-14],[1.3221545e-44 3.8783794e-44]
[-6.52162387e+33  2.79871705e+33],[-6.58749885e+26  2.82698692e+26],1e+30,[ 1.23656923e-15 -1.17243565e-15],[ 1.23656923e-45 -1.17243565e-45]
[5.47602730e+32 7.32639206e+33],[5.53134072e+25 7.40039602e+26],1e+30,[-4.20427451e-16 -1.33057786e-15],[-4.20427451e-46 -1.33057786e-45]
[-2.23109945e+33  4.86098211e+32],[-2.25363581e+26  4.91008294e+25],1e+30,[5.07387057e-15 5.62623438e-15],[5.07387057e-45 5.62623438e-45]
[-4.23438016e+33 -2.37796129e+33],[-4.27715168e+26 -2.40198110e+26],1e+30,[1.89680912e-15 1.96789389e-15],[1.89680912e-45 1.96789389e-45]
[-1.99467118e+33  3.78890723e+33],[-2.01481938e+26  3.82717902e+26],1e+30,[ 9.12693599e-16 -1.60283534e-15],[ 9.12693599e-46 -1.60283534e-45]
[1.30529662e+34 4.26875740e+33],[1.31848144e+27 4.31187617e+26],1e+30,[-3.16100543e-16 -9.54821430e-17],[-3.16100543e-46 -9.54821430e-47]
[-3.82932699e+33 -7.94264871e+33],[-3.86800708e+26 -8.02287750e+26],1e+30,[-3.94584579e-15  3.78257113e-15],[-3.94584579e-45  3.78257113e-45]
[-1.81554721e+34 -7.05585505e+33],[-1.83388607e+27 -7.12712632e+26],1e+30,[2.27242129e-16 1.03957560e-16],[2.27242129e-46 1.03957560e-46]
[-7.52292779e+33 -1.64446821e+34],[-7.59891696e+26 -1.66107900e+27],1e+30,[1.22656542e-16 1.98313214e-16],[1.22656542e-46 1.98313214e-46]
[-5.56489692e+32  3.99748471e+33],[-5.62110799e+25  4.03786334e+26],1e+30,[ 5.70089028e-16 -2.02114329e-15],[ 5.70089028e-46 -2.02114329e-45]
[ 8.24199216e+31 -8.59178875e+32],[ 8.32524457e+24 -8.67857449e+25],1e+30,[-1.70125388e-15  3.68933210e-15],[-1.70125388e-45  3.68933210e-45]
[-9.68596722e+32  4.24355949e+33],[-9.78380527e+25  4.28642372e+26],1e+30,[-4.52805051e-16 -6.46269893e-16],[-4.52805051e-46 -6.46269893e-46]
[-2.10745690e+32 -2.68463888e+32],[-2.12874434e+25 -2.71175645e+25],1e+30,[ 1.36472522e-15 -3.78337946e-15],[ 1.36472522e-45 -3.78337946e-45]
[-1.60331129e+33 -9.87483501e+32],[-1.61950635e+26 -9.97458082e+25],1e+30,[ 3.30315081e-15 -1.91476544e-16],[ 3.30315081e-45 -1.91476544e-46]
[1.46726988e+34 3.75894620e+34],[1.48209079e+27 3.79691536e+27],1e+30,[-1.40807182e-17 -4.28070441e-17],[-1.40807182e-47 -4.28070441e-47]
[ 1.10627734e+33 -3.73980769e+33],[ 1.11745185e+26 -3.77758353e+26],1e+30,[-1.53628645e-15 -8.03327844e-16],[-1.53628645e-45 -8.03327844e-46]
[8.14085370e+32 1.66133574e+33],[8.22308455e+25 1.67811691e+26],1e+30,[-6.52271809e-15 -1.24722181e-15],[-6.52271809e-45 -1.24722181e-45]
[-1.30456749e+34 -1.16325613e+34],[-1.31774494e+27 -1.17500619e+27],1e+30,[1.67341857e-16 1.30644719e-16],[1.67341857e-46 1.30644719e-46]
[-2.42097710e+35 -1.38186156e+34],[-2.44543141e+28 -1.39581975e+27],1e+30,[1.15365472e-18 8.12307163e-20],[1.15365472e-48 8.12307163e-50]
[-1.52147217e+33  4.63850545e+33],[-1.53684057e+26  4.68535904e+26],1e+30,[ 3.67467385e-15 -2.90615688e-15],[ 3.67467385e-45 -2.90615688e-45]
[ 4.83431466e+33 -5.11527589e+33],[ 4.88314612e+26 -5.16694535e+26],1e+30,[-1.01622946e-15  4.77268689e-16],[-1.01622946e-45  4.77268689e-46]
[6.30162536e+33 5.68361094e+33],[6.36527814e+26 5.74102115e+26],1e+30,[-6.00969059e-16 -4.52077388e-16],[-6.00969059e-46 -4.52077388e-46]
[1.15064535e+33 6.00743004e+32],[1.16226803e+26 6.06811115e+25],1e+30,[-1.79224145e-15 -5.33769241e-17],[-1.79224145e-45 -5.33769241e-47]
[ 1.42467289e+33 -2.18214426e+32],[ 1.43906352e+26 -2.20418612e+25],1e+30,[-2.28218175e-15  1.67136666e-15],[-2.28218175e-45  1.67136666e-45]
[-1.27053131e+33  8.81157674e+32],[-1.28336496e+26  8.90058257e+25],1e+30,[7.84398611e-15 3.69469059e-15],[7.84398611e-45 3.69469059e-45]
[9.92737491e+32 1.05410636e+34],[1.00276514e+26 1.06475390e+27],1e+30,[-6.89002890e-17 -5.40509299e-16],[-6.89002890e-47 -5.40509299e-46]
[2.72122298e+33 1.20040888e+33],[2.74871008e+26 1.21253422e+26],1e+30,[ 1.79879216e-15 -3.32357553e-15],[ 1.79879216e-45 -3.32357553e-45]
[-2.01351880e+34  1.65503578e+34],[-2.03385738e+27  1.67175331e+27],1e+30,[ 7.69133156e-17 -6.12467297e-17],[ 7.69133156e-47 -6.12467297e-47]
[-1.95123586e+33  9.59404904e+32],[-1.97094534e+26  9.69095831e+25],1e+30,[ 3.01268738e-15 -1.87394861e-15],[ 3.01268738e-45 -1.87394861e-45]
[-2.20129229e+33 -1.26635952e+33],[-2.22352756e+26 -1.27915103e+26],1e+30,[ 4.26561602e-15 -4.80049621e-15],[ 4.26561602e-45 -4.80049621e-45]
[ 3.51311294e+33 -2.50800750e+33],[ 3.54859893e+26 -2.53334091e+26],1e+30,[-2.68906056e-15  4.59863881e-17],[-2.68906056e-45  4.59863881e-47]
[2.52738468e+33 2.02202319e+33],[2.55291382e+26 2.04244766e+26],1e+30,[-7.83869413e-16 -2.72495645e-16],[-7.83869413e-46 -2.72495645e-46]
[-1.29963671e+33  5.47410699e+32],[-1.31276435e+26  5.52940100e+25],1e+30,[ 4.04552710e-15 -7.62223905e-16],[ 4.04552710e-45 -7.62223905e-46]
[-1.47825289e+33  2.98329362e+33],[-1.49318474e+26  3.01342790e+26],1e+30,[ 1.34688162e-15 -5.81808676e-15],[ 1.34688162e-45 -5.81808676e-45]
[-1.20490399e+34 -3.98543544e+33],[-1.21707473e+27 -4.02569236e+26],1e+30,[3.89728106e-16 1.96013032e-16],[3.89728106e-46 1.96013032e-46]
[ 1.04853269e+34 -4.15304558e+33],[ 1.05912393e+27 -4.19499554e+26],1e+30,[-4.55905933e-16  1.83201921e-16],[-4.55905933e-46  1.83201921e-46]
[ 3.30138861e+33 -7.37020131e+32],[ 3.33473597e+26 -7.44464779e+25],1e+30,[-1.91966624e-15  1.40405703e-15],[-1.91966624e-45  1.40405703e-45]
[-7.90689320e+33 -5.28146669e+32],[-7.98676081e+26 -5.33481484e+25],1e+30,[5.66934631e-16 5.11404397e-16],[5.66934631e-46 5.11404397e-46]
[5.37637369e+33 7.01971263e+33],[5.43068049e+26 7.09061881e+26],1e+30,[-6.40183643e-16 -6.36666649e-16],[-6.40183643e-46 -6.36666649e-46]
[3.71514700e+33 3.74134276e+33],[3.75267374e+26 3.77913410e+26],1e+30,[-8.58360321e-16 -3.78441627e-15],[-8.58360321e-46 -3.78441627e-45]
[4.98117116e+32 7.61075730e+32],[5.03148601e+25 7.68763363e+25],1e+30,[-3.84496539e-15 -6.80791151e-15],[-3.84496539e-45 -6.80791151e-45]
[-1.26421614e+33  4.71041850e+33],[-1.27698600e+26  4.75799848e+26],1e+30,[-2.79760482e-15  2.16929044e-15],[-2.79760482e-45  2.16929044e-45]
[-7.94650432e+34 -2.09275223e+34],[-8.02677204e+27 -2.11389114e+27],1e+30,[1.01754216e-17 3.06618547e-18],[1.01754216e-47 3.06618547e-48]
[-5.70137174e+33 -5.44578276e+32],[-5.75896135e+26 -5.50079067e+25],1e+30,[2.13474724e-14 6.02503311e-15],[2.13474724e-44 6.02503311e-45]
[ 1.51445679e+33 -1.46695606e+32],[ 1.52975433e+26 -1.48177380e+25],1e+30,[-6.49632923e-15 -4.36056196e-15],[-6.49632923e-45 -4.36056196e-45]
[-1.04179223e+34  3.95325672e+32],[-1.05231538e+27  3.99318864e+25],1e+30,[6.66940529e-16 9.53199636e-17],[6.66940529e-46 9.53199636e-47]
[6.65662136e+32 4.20144960e+33],[6.72385996e+25 4.24388849e+26],1e+30,[-2.93458801e-16 -1.98332705e-15],[-2.93458801e-46 -1.98332705e-45]
[2.35427234e+34 1.19271648e+34],[2.37805287e+27 1.20476413e+27],1e+30,[-9.76858749e-17 -4.60873488e-17],[-9.76858749e-47 -4.60873488e-47]
[2.76006876e+33 8.26081308e+32],[2.78794824e+26 8.34425564e+25],1e+30,[-3.99606406e-16  2.62622859e-15],[-3.99606406e-46  2.62622859e-45]
[ 9.97973218e+33 -3.90537507e+32],[ 1.00805376e+27 -3.94482331e+25],1e+30,[-7.9216438e-16  4.1103998e-17],[-7.9216438e-46  4.1103998e-47]
[ 1.03652419e+33 -1.46775068e+34],[ 1.04699413e+26 -1.48257645e+27],1e+30,[-3.01647498e-17  3.25355923e-16],[-3.01647498e-47  3.25355923e-46]
[ 2.74181598e+33 -2.80731946e+33],[ 2.76951109e+26 -2.83567622e+26],1e+30,[-1.34567064e-15  2.73868033e-15],[-1.34567064e-45  2.73868033e-45]
[ 8.03286453e+33 -1.13996953e+34],[ 8.11400457e+26 -1.15148437e+27],1e+30,[-1.88057417e-16  2.64524175e-16],[-1.88057417e-46  2.64524175e-46]
[ 3.42616222e+33 -1.09012722e+33],[ 3.46076992e+26 -1.10113861e+26],1e+30,[-2.39581748e-15  2.70411635e-15],[-2.39581748e-45  2.70411635e-45]
[-8.23031757e+33  4.50036208e+32],[-8.31345209e+26  4.54582028e+25],1e+30,[ 9.01196605e-16 -2.10648625e-16],[ 9.01196605e-46 -2.10648625e-46]
[-3.44053643e+32  1.49487648e+33],[-3.47528933e+25  1.50997624e+26],1e+30,[-3.17870825e-15  8.51813384e-16],[-3.17870825e-45  8.51813384e-46]
[ 5.16331526e+33 -7.13086037e+33],[ 5.21546996e+26 -7.20288926e+26],1e+30,[-7.87684037e-16  6.29514729e-16],[-7.87684037e-46  6.29514729e-46]
[-4.82822052e+33 -4.98975279e+32],[-4.87699043e+26 -5.04015433e+25],1e+30,[1.18847692e-15 1.77569194e-16],[1.18847692e-45 1.77569194e-46]
[ 2.90380806e+33 -2.32247637e+32],[ 2.93313945e+26 -2.34593573e+25],1e+30,[-8.23011749e-14  3.77549003e-14],[-8.23011749e-44  3.77549003e-44]
[-1.89453972e+33 -2.70814689e+33],[-1.91367649e+26 -2.73550191e+26],1e+30,[2.59257566e-15 2.48387349e-15],[2.59257566e-45 2.48387349e-45]
[ 3.93716359e+33 -2.14781893e+33],[ 3.97693292e+26 -2.16951407e+26],1e+30,[-2.39004534e-15  1.23085123e-15],[-2.39004534e-45  1.23085123e-45]
[ 2.73499929e+33 -2.32054055e+33],[ 2.76262554e+26 -2.34398035e+26],1e+30,[-2.10520005e-16  2.99373631e-16],[-2.10520005e-46  2.99373631e-46]
[2.62260522e+33 3.52375638e+32],[2.64909618e+26 3.55934988e+25],1e+30,[-1.16044339e-15 -1.20672296e-16],[-1.16044339e-45 -1.20672296e-46]
[2.40460478e+35 7.27168785e+33],[2.42889371e+28 7.34513925e+26],1e+30,[-1.17444623e-18 -4.91564495e-20],[-1.17444623e-48 -4.91564495e-50]
[4.00627768e+33 2.04875376e+34],[4.04674513e+26 2.06944824e+27],1e+30,[-3.33147313e-17 -1.62590706e-16],[-3.33147313e-47 -1.62590706e-46]
[ 3.16856349e+33 -3.40356711e+32],[ 3.20056918e+26 -3.43794657e+25],1e+30,[-3.99130245e-15  1.02729449e-15],[-3.99130245e-45  1.02729449e-45]
[-4.39000036e+32  1.30766757e+34],[-4.43434376e+25  1.32087633e+27],1e+30,[ 3.59201315e-17 -3.34350812e-16],[ 3.59201315e-47 -3.34350812e-46]
[2.90545036e+33 3.82466688e+33],[2.93479834e+26 3.86329988e+26],1e+30,[-1.83827129e-15  1.27149432e-17],[-1.83827129e-45  1.27149432e-47]
[-1.68899709e+33 -3.43479631e+32],[-1.70605767e+26 -3.46949123e+25],1e+30,[2.28111364e-15 4.26133296e-16],[2.28111364e-45 4.26133296e-46]
[-7.62867346e+32 -1.28904847e+34],[-7.70573077e+25 -1.30206916e+27],1e+30,[1.40016927e-15 1.05784308e-15],[1.40016927e-45 1.05784308e-45]
[ 3.82742630e+33 -1.62607619e+33],[ 3.86608717e+26 -1.64250120e+26],1e+30,[-2.49041927e-15  4.16939289e-16],[-2.49041927e-45  4.16939289e-46]
[2.48358547e+33 1.78021517e+33],[2.50867219e+26 1.79819714e+26],1e+30,[ 4.01730024e-17 -7.04426468e-16],[ 4.01730024e-47 -7.04426468e-46]
[2.79289483e+33 4.06049991e+33],[2.82110589e+26 4.10151506e+26],1e+30,[-3.30200660e-15 -2.77419754e-15],[-3.30200660e-45 -2.77419754e-45]
[ 9.65271359e+33 -5.24303112e+34],[ 9.75021575e+26 -5.29599103e+27],1e+30,[-4.29750166e-18  2.30587395e-17],[-4.29750166e-48  2.30587395e-47]
[-3.44021750e+34  1.30407438e+34],[-3.47496717e+27  1.31724685e+27],1e+30,[ 4.64541289e-17 -1.43860148e-17],[ 4.64541289e-47 -1.43860148e-47]
[ 1.01174853e+33 -3.22625857e+33],[ 1.02196822e+26 -3.25884704e+26],1e+30,[2.42262352e-15 4.40830388e-16],[2.42262352e-45 4.40830388e-46]
[-1.23183955e+33 -4.44153959e+32],[-1.24428238e+26 -4.48640362e+25],1e+30,[4.90662867e-15 1.16899929e-15],[4.90662867e-45 1.16899929e-45]
[ 8.39810820e+32 -3.83383561e+32],[ 8.48293759e+25 -3.87256122e+25],1e+30,[-5.34481684e-15  1.28412296e-15],[-5.34481684e-45  1.28412296e-45]
[-5.48691980e+33  2.10388766e+32],[-5.54234323e+26  2.12513905e+25],1e+30,[ 1.81629305e-15 -6.15112157e-16],[ 1.81629305e-45 -6.15112157e-46]
[3.95803727e+33 9.59315279e+32],[3.99801745e+26 9.69005332e+25],1e+30,[-7.88017965e-15 -1.32698914e-15],[-7.88017965e-45 -1.32698914e-45]
[ 6.27485574e+33 -1.77266259e+34],[ 6.33823812e+26 -1.79056827e+27],1e+30,[-8.15955616e-17  2.09525163e-16],[-8.15955616e-47  2.09525163e-46]
[ 1.61881908e+33 -9.41557750e+32],[ 1.63517078e+26 -9.51068435e+25],1e+30,[-6.55862280e-16  2.14870563e-15],[-6.55862280e-46  2.14870563e-45]
[ 4.78599641e+33 -2.25040993e+33],[ 4.83433981e+26 -2.27314134e+26],1e+30,[-1.36005819e-15  5.95627096e-16],[-1.36005819e-45  5.95627096e-46]
[1.15560330e+34 1.29568954e+34],[1.16727606e+27 1.30877731e+27],1e+30,[-1.46779509e-16 -4.99777246e-17],[-1.46779509e-46 -4.99777246e-47]
[-6.11893056e+34  1.58361306e+33],[-6.18073794e+27  1.59960915e+26],1e+30,[1.74142347e-17 7.61174073e-20],[1.74142347e-47 7.61174073e-50]
[ 2.71023819e+33 -9.97453267e+33],[ 2.73761433e+26 -1.00752855e+27],1e+30,[-2.21781981e-16  6.04197391e-16],[-2.21781981e-46  6.04197391e-46]
[ 4.01556298e+33 -4.57147814e+33],[ 4.05612422e+26 -4.61765469e+26],1e+30,[-5.01528909e-16  5.05278139e-15],[-5.01528909e-46  5.05278139e-45]
[-3.05398551e+33 -5.31166876e+33],[-3.08483384e+26 -5.36532198e+26],1e+30,[1.00792748e-15 1.18260933e-15],[1.00792748e-45 1.18260933e-45]
[7.57953667e+34 1.05323366e+34],[7.65609764e+27 1.06387239e+27],1e+30,[-1.22432424e-17 -1.23077226e-18],[-1.22432424e-47 -1.23077226e-48]
[-1.02612347e+34  5.23574629e+33],[-1.03648835e+27  5.28863262e+26],1e+30,[ 4.09205292e-16 -2.38361662e-16],[ 4.09205292e-46 -2.38361662e-46]
[-2.00859237e+34 -3.60235030e+34],[-2.02888119e+27 -3.63873768e+27],1e+30,[4.14169988e-17 2.96828289e-17],[4.14169988e-47 2.96828289e-47]
[-2.32626892e+35  5.03552317e+34],[-2.34976659e+28  5.08638704e+27],1e+30,[ 1.16744791e-18 -2.69104001e-19],[ 1.16744791e-48 -2.69104001e-49]
[-1.34103949e+33 -1.00354880e+33],[-1.35458534e+26 -1.01368566e+26],1e+30,[-1.82766555e-15 -2.43612783e-15],[-1.82766555e-45 -2.43612783e-45]
[-4.10747402e+33  9.20253852e+33],[-4.14896366e+26  9.29549346e+26],1e+30,[ 2.56159740e-16 -6.42549187e-16],[ 2.56159740e-46 -6.42549187e-46]
[2.83867971e+33 5.86559834e+33],[2.86735324e+26 5.92484680e+26],1e+30,[-1.60637957e-13 -1.87085593e-13],[-1.60637957e-43 -1.87085593e-43]
[1.49059040e+33 2.61640096e+32],[1.50564686e+26 2.64282926e+25],1e+30,[1.10778700e-15 2.71555657e-15],[1.10778700e-45 2.71555657e-45]
[-8.00904629e+32 -2.51795909e+33],[-8.08994574e+25 -2.54339302e+26],1e+30,[2.06829230e-15 1.82224757e-15],[2.06829230e-45 1.82224757e-45]
[5.07207532e+32 3.84011518e+32],[5.12330841e+25 3.87890422e+25],1e+30,[-7.31202764e-15  4.14704463e-15],[-7.31202764e-45  4.14704463e-45]
[ 8.63906640e+31 -4.29826108e+33],[ 8.72632964e+24 -4.34167786e+26],1e+30,[-3.42205138e-17  4.55222569e-15],[-3.42205138e-47  4.55222569e-45]
[ 2.58185309e+34 -1.68455800e+34],[ 2.60793241e+27 -1.70157374e+27],1e+30,[-5.72747406e-17  3.72553381e-17],[-5.72747406e-47  3.72553381e-47]
[-6.63155732e+33  1.69457837e+33],[-6.69854275e+26  1.71169533e+26],1e+30,[1.28299558e-15 2.08110566e-16],[1.28299558e-45 2.08110566e-46]
[-4.40668415e+34  3.66138066e+33],[-4.45119611e+27  3.69836430e+26],1e+30,[ 3.16338002e-17 -2.59417031e-18],[ 3.16338002e-47 -2.59417031e-48]
[-3.42289293e+33  6.95373174e+31],[-3.45746760e+26  7.02397148e+24],1e+30,[ 4.04797211e-15 -6.43912607e-17],[ 4.04797211e-45 -6.43912607e-47]
[-1.90634778e+32 -8.76284505e+33],[-1.92560381e+25 -8.85135864e+26],1e+30,[5.17567624e-16 4.46699793e-16],[5.17567624e-46 4.46699793e-46]
[-3.10316462e+33 -3.81289054e+31],[-3.13450972e+26 -3.85140473e+24],1e+30,[-1.81851809e-14 -1.80013856e-14],[-1.81851809e-44 -1.80013856e-44]
[ 1.07974324e+32 -3.26550599e+33],[ 1.09064974e+25 -3.29849090e+26],1e+30,[-1.62843138e-15  2.05258520e-15],[-1.62843138e-45  2.05258520e-45]
[-1.70369623e+34 -7.05311367e+33],[-1.72090528e+27 -7.12435725e+26],1e+30,[3.07483137e-16 1.23269027e-18],[3.07483137e-46 1.23269027e-48]
[-3.18698087e+33 -8.02197062e+32],[-3.21917260e+26 -8.10300062e+25],1e+30,[1.18276001e-14 4.87169351e-15],[1.18276001e-44 4.87169351e-45]
[-6.92124471e+32  6.15288883e+32],[-6.99115628e+25  6.21503923e+25],1e+30,[-5.30169759e-15  1.26002276e-15],[-5.30169759e-45  1.26002276e-45]
[-2.62900113e+33 -3.96621264e+33],[-2.65555670e+26 -4.00627539e+26],1e+30,[1.44881362e-15 8.50607811e-17],[1.44881362e-45 8.50607811e-47]
[-3.14258224e+33  1.29139549e+32],[-3.17432549e+26  1.30443989e+25],1e+30,[-1.94135605e-16 -1.50158947e-14],[-1.94135605e-46 -1.50158947e-44]
[ 1.46885223e+33 -2.75313498e+33],[ 1.48368912e+26 -2.78094443e+26],1e+30,[-4.18678143e-15  2.72220797e-15],[-4.18678143e-45  2.72220797e-45]
[1.51198474e+33 8.79376208e+32],[1.52725731e+26 8.88258796e+25],1e+30,[-3.80748793e-15 -4.51627879e-15],[-3.80748793e-45 -4.51627879e-45]
[-1.66007625e+32 -6.83606507e+33],[-1.67684469e+25 -6.90511623e+26],1e+30,[6.29262621e-17 1.13804949e-15],[6.29262621e-47 1.13804949e-45]
[-1.66588078e+33 -2.02392176e+33],[-1.68270785e+26 -2.04436541e+26],1e+30,[9.9696478e-16 1.2684983e-15],[9.9696478e-46 1.2684983e-45]
[2.38827469e+33 4.44021945e+33],[2.41239868e+26 4.48507016e+26],1e+30,[-6.51287485e-16 -1.40386837e-15],[-6.51287485e-46 -1.40386837e-45]
[6.61957559e+32 5.35314122e+33],[6.68644000e+25 5.40721336e+26],1e+30,[-6.10518776e-16 -1.57613259e-15],[-6.10518776e-46 -1.57613259e-45]
[-7.09568239e+32  2.44004311e+32],[-7.16735595e+25  2.46469002e+25],1e+30,[1.21670358e-15 8.35089285e-16],[1.21670358e-45 8.35089285e-46]
[3.75031743e+32 4.59059624e+32],[3.78819942e+25 4.63696589e+25],1e+30,[-1.85267440e-14 -3.51341113e-14],[-1.85267440e-44 -3.51341113e-44]
[-4.89977069e+33  8.39391005e+32],[-4.94926332e+26  8.47869702e+25],1e+30,[ 1.22150561e-15 -1.98920395e-16],[ 1.22150561e-45 -1.98920395e-46]
[-6.33056888e+33  3.07424332e+32],[-6.39451402e+26  3.10529629e+25],1e+30,[1.81035807e-15 1.76033693e-16],[1.81035807e-45 1.76033693e-46]
[2.82782537e+33 5.85297837e+33],[2.85638926e+26 5.91209936e+26],1e+30,[1.59937858e-13 1.85628903e-13],[1.59937858e-43 1.85628903e-43]
[-1.07780491e+34  1.90175029e+33],[-1.08869182e+27  1.92095989e+26],1e+30,[ 7.02150624e-16 -2.06770277e-16],[ 7.02150624e-46 -2.06770277e-46]
[7.94551058e+32 6.76122502e+33],[8.02576827e+25 6.82952022e+26],1e+30,[-5.66599653e-16 -1.07885123e-15],[-5.66599653e-46 -1.07885123e-45]
[ 3.41745099e+33 -2.66431142e+33],[ 3.45197069e+26 -2.69122366e+26],1e+30,[-7.73742339e-16  3.14090299e-15],[-7.73742339e-46  3.14090299e-45]
[5.24258093e+32 2.97713586e+33],[5.29553630e+25 3.00720794e+26],1e+30,[-5.80336495e-16 -2.26028680e-15],[-5.80336495e-46 -2.26028680e-45]
[1.67088963e+33 1.12502081e+34],[1.68776730e+26 1.13638466e+27],1e+30,[-5.81069869e-16 -6.20521032e-16],[-5.81069869e-46 -6.20521032e-46]
[ 1.30194650e+33 -2.27733063e+33],[ 1.31509747e+26 -2.30033397e+26],1e+30,[-2.29662777e-15 -5.82786303e-16],[-2.29662777e-45 -5.82786303e-46]
[ 5.15145609e+32 -1.33030200e+32],[ 5.20349100e+25 -1.34373939e+25],1e+30,[-2.76883132e-15 -2.74856457e-15],[-2.76883132e-45 -2.74856457e-45]
[-2.50165825e+34  2.16909062e+34],[-2.52692753e+27  2.19100062e+27],1e+30,[ 4.22323406e-17 -3.99368007e-17],[ 4.22323406e-47 -3.99368007e-47]
[-2.04128715e+33 -5.35496964e+33],[-2.06190621e+26 -5.40906024e+26],1e+30,[3.80622400e-16 2.14540954e-15],[3.80622400e-46 2.14540954e-45]
[ 2.14808633e+33 -5.48041237e+33],[ 2.16978417e+26 -5.53577007e+26],1e+30,[-7.89892060e-16  7.92183085e-16],[-7.89892060e-46  7.92183085e-46]
[-1.76334279e+32 -3.82641361e+33],[-1.78115433e+25 -3.86506425e+26],1e+30,[7.15639066e-15 5.61438466e-15],[7.15639066e-45 5.61438466e-45]
[ 4.51213062e+33 -7.04482296e+33],[ 4.55770769e+26 -7.11598279e+26],1e+30,[-6.03699032e-16  6.56145617e-16],[-6.03699032e-46  6.56145617e-46]
[ 4.79603318e+32 -1.12957318e+33],[ 4.84447796e+25 -1.14098301e+26],1e+30,[9.97223677e-15 8.80143046e-16],[9.97223677e-45 8.80143046e-46]
[-2.76922282e+33  2.94406639e+34],[-2.79719476e+26  2.97380443e+27],1e+30,[ 7.13047366e-18 -7.68155083e-17],[ 7.13047366e-48 -7.68155083e-47]
[1.10761930e+32 1.81339672e+32],[1.11880741e+25 1.83171410e+25],1e+30,[3.76655488e-15 1.86126935e-15],[3.76655488e-45 1.86126935e-45]
[2.64655019e+33 4.01550486e+33],[2.67328301e+26 4.05606551e+26],1e+30,[ 2.21028280e-15 -6.21269063e-16],[ 2.21028280e-45 -6.21269063e-46]
[ 7.84062634e+33 -3.02388371e+34],[ 7.91982459e+26 -3.05442799e+27],1e+30,[-1.79692128e-17  6.73488431e-17],[-1.79692128e-47  6.73488431e-47]
[1.24104965e+34 2.87318020e+34],[1.25358551e+27 2.90220222e+27],1e+30,[-3.23093383e-17 -5.02286118e-17],[-3.23093383e-47 -5.02286118e-47]
[-2.93322729e+33  2.01612573e+33],[-2.96285585e+26  2.03649063e+26],1e+30,[ 2.00356756e-15 -2.06530206e-15],[ 2.00356756e-45 -2.06530206e-45]
[ 3.20616586e+34 -1.67450750e+34],[ 3.23855138e+27 -1.69142172e+27],1e+30,[-4.58150258e-17  2.19604159e-17],[-4.58150258e-47  2.19604159e-47]
[ 2.29380452e+33 -6.53721115e+32],[ 2.31697426e+26 -6.60324359e+25],1e+30,[-4.81350558e-15  5.79685870e-15],[-4.81350558e-45  5.79685870e-45]
[-3.57424680e+33  4.75767786e+33],[-3.61035030e+26  4.80573522e+26],1e+30,[ 9.00653525e-16 -1.04418122e-15],[ 9.00653525e-46 -1.04418122e-45]
[3.71951161e+33 1.12633685e+32],[3.75708244e+26 1.13771400e+25],1e+30,[-1.94450307e-15  6.12300247e-16],[-1.94450307e-45  6.12300247e-46]
[ 7.88240622e+31 -2.59635039e+33],[ 7.96202658e+24 -2.62257616e+26],1e+30,[-1.14221108e-15  1.81680019e-15],[-1.14221108e-45  1.81680019e-45]
[-5.66770515e+33 -3.54929387e+32],[-5.72495469e+26 -3.58514532e+25],1e+30,[ 2.12211191e-15 -5.25587223e-15],[ 2.12211191e-45 -5.25587223e-45]
[-6.28062761e+31 -3.65838721e+33],[-6.34406833e+24 -3.69534062e+26],1e+30,[-1.20042809e-14 -1.94735251e-14],[-1.20042809e-44 -1.94735251e-44]
[1.16305383e+34 3.14927265e+34],[1.17480185e+27 3.18108348e+27],1e+30,[-4.91879381e-17 -3.62583249e-17],[-4.91879381e-47 -3.62583249e-47]
[-1.46871654e+33  1.51172735e+34],[-1.48355206e+26  1.52699732e+27],1e+30,[-7.70214159e-17 -7.70883350e-17],[-7.70214159e-47 -7.70883350e-47]
[3.00326409e+33 1.42292151e+33],[3.03360009e+26 1.43729445e+26],1e+30,[-2.61498124e-15 -6.00124060e-16],[-2.61498124e-45 -6.00124060e-46]
[-5.47920738e+32  1.53535279e+33],[-5.5345529e+25  1.5508614e+26],1e+30,[-1.84775501e-14 -1.57783242e-14],[-1.84775501e-44 -1.57783242e-44]
[-1.77964172e+33 -2.64069157e+33],[-1.79761790e+26 -2.66736522e+26],1e+30,[-2.64172319e-15 -2.11558795e-15],[-2.64172319e-45 -2.11558795e-45]
[ 1.35572452e+33 -1.54248676e+33],[ 1.36941871e+26 -1.55806746e+26],1e+30,[ 2.82448874e-15 -4.28528879e-15],[ 2.82448874e-45 -4.28528879e-45]
[ 7.88252094e+32 -4.39291886e+33],[ 7.96214236e+25 -4.43729177e+26],1e+30,[-7.14692216e-16  2.08826392e-15],[-7.14692216e-46  2.08826392e-45]
[ 8.59358809e+33 -1.03676005e+32],[ 8.68039201e+26 -1.04723237e+25],1e+30,[-4.98122121e-16 -9.72528435e-17],[-4.98122121e-46 -9.72528435e-47]
[1.52353278e+34 1.43165127e+34],[1.53892200e+27 1.44611239e+27],1e+30,[-1.89191735e-16 -1.81990651e-16],[-1.89191735e-46 -1.81990651e-46]
[ 3.09379282e+33 -1.59262392e+32],[ 3.12504325e+26 -1.60871103e+25],1e+30,[-3.69743625e-15 -1.59588515e-15],[-3.69743625e-45 -1.59588515e-45]
[-3.51752336e+32 -4.45907288e+32],[-3.55305390e+25 -4.50411402e+25],1e+30,[2.40768489e-15 1.28417232e-15],[2.40768489e-45 1.28417232e-45]
[-5.88554233e+32  1.50711082e+33],[-5.94499225e+25  1.52233416e+26],1e+30,[2.57060017e-14 1.47084993e-14],[2.57060017e-44 1.47084993e-44]
[2.87883243e+33 1.68726854e+33],[2.90791154e+26 1.70431166e+26],1e+30,[-6.03835701e-15 -2.45809162e-14],[-6.03835701e-45 -2.45809162e-44]
[2.64095603e+33 5.28352823e+33],[2.66763236e+26 5.33689720e+26],1e+30,[-4.19729778e-16 -1.20535224e-15],[-4.19729778e-46 -1.20535224e-45]
[3.27275802e+33 1.77210139e+33],[3.30581620e+26 1.79000142e+26],1e+30,[-1.99791863e-15 -1.79018766e-15],[-1.99791863e-45 -1.79018766e-45]
[1.05925861e+34 3.23704135e+34],[1.06995819e+27 3.26973874e+27],1e+30,[ 6.83675334e-18 -7.71518417e-17],[ 6.83675334e-48 -7.71518417e-47]
[ 7.94953604e+33 -1.32492485e+34],[ 8.02983438e+26 -1.33830793e+27],1e+30,[-1.64737364e-16  2.48937541e-16],[-1.64737364e-46  2.48937541e-46]
[ 3.83322146e+33 -5.00535832e+33],[ 3.87194087e+26 -5.05591750e+26],1e+30,[-5.62300643e-16  8.73286632e-16],[-5.62300643e-46  8.73286632e-46]
[-7.88625912e+32  1.20642119e+33],[-7.96591830e+25  1.21860726e+26],1e+30,[ 2.66672471e-15 -2.29047668e-15],[ 2.66672471e-45 -2.29047668e-45]
[-4.15365593e+32 -9.03394355e+32],[-4.19561206e+25 -9.12519551e+25],1e+30,[-2.69060263e-15  3.63934052e-15],[-2.69060263e-45  3.63934052e-45]
[-1.60299925e+33 -3.09954456e+33],[-1.61919116e+26 -3.13085309e+26],1e+30,[4.60899061e-15 1.19822316e-14],[4.60899061e-45 1.19822316e-44]
[-1.90674787e+33  1.30124191e+33],[-1.92600795e+26  1.31438577e+26],1e+30,[4.81594537e-15 5.19829642e-16],[4.81594537e-45 5.19829642e-46]
[-5.74783267e+33 -2.23060087e+34],[-5.80589159e+26 -2.25313219e+27],1e+30,[2.82068380e-17 1.24268518e-16],[2.82068380e-47 1.24268518e-46]
[-3.80793565e+33 -9.66329624e+31],[-3.84639964e+26 -9.76090535e+24],1e+30,[ 5.26697077e-15 -1.66711310e-15],[ 5.26697077e-45 -1.66711310e-45]
[-2.13659358e+33 -5.07023003e+33],[-2.15817534e+26 -5.12144447e+26],1e+30,[7.53483929e-16 1.00971733e-15],[7.53483929e-46 1.00971733e-45]
[ 1.21317941e+33 -2.40315597e+33],[ 1.22543375e+26 -2.42743028e+26],1e+30,[4.15923362e-16 3.90340537e-15],[4.15923362e-46 3.90340537e-45]
[-4.88369918e+33 -4.13240114e+33],[-4.93302947e+26 -4.17414257e+26],1e+30,[8.35752171e-16 8.20544415e-16],[8.35752171e-46 8.20544415e-46]
[4.51200728e+33 7.34929381e+32],[4.55758312e+26 7.42352911e+25],1e+30,[-4.58937877e-15 -1.48643070e-15],[-4.58937877e-45 -1.48643070e-45]
[-3.44244256e+33  3.34423031e+32],[-3.47721471e+26  3.37801042e+25],1e+30,[ 4.46866721e-15 -8.12622761e-16],[ 4.46866721e-45 -8.12622761e-46]
[1.57733760e+33 4.05290384e+32],[1.59327031e+26 4.09384225e+25],1e+30,[ 2.78603841e-14 -2.10133144e-14],[ 2.78603841e-44 -2.10133144e-44]
[-1.82057536e+33  1.50080153e+33],[-1.83896501e+26  1.51596115e+26],1e+30,[ 5.31081495e-15 -4.31503190e-15],[ 5.31081495e-45 -4.31503190e-45]
[ 4.58093366e+32 -3.84833444e+32],[ 4.62720569e+25 -3.88720649e+25],1e+30,[-1.82686657e-16  1.85189909e-15],[-1.82686657e-46  1.85189909e-45]
[-1.00656628e+31 -2.91640010e+33],[-1.01673357e+24 -2.94585868e+26],1e+30,[-1.19392275e-16  1.26851306e-15],[-1.19392275e-46  1.26851306e-45]
[ 6.70852002e+32 -2.78319703e+32],[ 6.77628285e+25 -2.81131013e+25],1e+30,[-4.46197742e-15 -4.93430547e-15],[-4.46197742e-45 -4.93430547e-45]
[-1.79928442e+34 -5.65564224e+33],[-1.81745901e+27 -5.71276994e+26],1e+30,[ 1.74709113e-16 -1.21060029e-17],[ 1.74709113e-46 -1.21060029e-47]
[-2.05289385e+33 -2.70708670e+33],[-2.07363014e+26 -2.73443101e+26],1e+30,[4.74539016e-15 8.64509388e-16],[4.74539016e-45 8.64509388e-46]
[-1.07205790e+32  9.66542995e+32],[-1.08288677e+25  9.76306056e+25],1e+30,[1.08514827e-15 3.17384507e-16],[1.08514827e-45 3.17384507e-46]
[-1.86825517e+33  2.00679537e+33],[-1.88712643e+26  2.02706603e+26],1e+30,[ 2.60589804e-15 -1.56973700e-15],[ 2.60589804e-45 -1.56973700e-45]
[2.34079864e+32 2.57486121e+33],[2.36444314e+25 2.60086990e+26],1e+30,[-8.48461503e-16 -2.02295929e-15],[-8.48461503e-46 -2.02295929e-45]
[-5.04414914e+32 -3.36378449e+33],[-5.09510014e+25 -3.39776211e+26],1e+30,[-5.37046666e-15  1.03503067e-14],[-5.37046666e-45  1.03503067e-44]
[-1.63173772e+33 -6.68073679e+33],[-1.64821992e+26 -6.74821898e+26],1e+30,[ 7.92022570e-14 -1.48492727e-14],[ 7.92022570e-44 -1.48492727e-44]
[3.38935153e+33 4.21628386e+33],[3.42358740e+26 4.25887259e+26],1e+30,[-1.39210376e-15 -1.37947952e-15],[-1.39210376e-45 -1.37947952e-45]
[ 8.36281060e+32 -2.03221871e+33],[ 8.44728343e+25 -2.05274617e+26],1e+30,[-1.25602960e-15  2.57651278e-15],[-1.25602960e-45  2.57651278e-45]
[-4.29077656e+33 -7.70449279e+33],[-4.33411774e+26 -7.78231595e+26],1e+30,[9.88321155e-16 5.79911435e-16],[9.88321155e-46 5.79911435e-46]
[ 1.01952473e+32 -5.33780225e+33],[ 1.02982297e+25 -5.39171944e+26],1e+30,[-5.01042398e-17  1.62490747e-15],[-5.01042398e-47  1.62490747e-45]
[ 2.87363362e+31 -1.09450166e+34],[ 2.90266020e+24 -1.10555723e+27],1e+30,[4.48079292e-17 5.80253302e-16],[4.48079292e-47 5.80253302e-46]
[ 1.54312229e+34 -1.89178211e+33],[ 1.55870938e+27 -1.91089102e+26],1e+30,[-3.02291877e-16  1.70074336e-16],[-3.02291877e-46  1.70074336e-46]
[-3.76184251e+33 -6.20724415e+32],[-3.79984092e+26 -6.26994359e+25],1e+30,[7.47338022e-16 7.45270909e-16],[7.47338022e-46 7.45270909e-46]
[-1.65388804e+34 -7.28599003e+33],[-1.67059398e+27 -7.35958589e+26],1e+30,[-5.94518792e-17  1.92895291e-16],[-5.94518792e-47  1.92895291e-46]
[-5.91186795e+35 -7.66527731e+34],[-5.97158379e+28 -7.74270436e+27],1e+30,[1.90162293e-19 2.47276862e-20],[1.90162293e-49 2.47276862e-50]
[1.01938028e+34 7.49697020e+33],[1.02967705e+27 7.57269717e+26],1e+30,[-3.64161175e-16 -1.95587314e-16],[-3.64161175e-46 -1.95587314e-46]
[-1.85631529e+33 -1.24829421e+33],[-1.87506595e+26 -1.26090325e+26],1e+30,[1.49360068e-16 7.12132296e-16],[1.49360068e-46 7.12132296e-46]
[-2.18695697e+33  2.12565101e+33],[-2.20904744e+26  2.14712223e+26],1e+30,[ 3.96778029e-15 -1.08330302e-14],[ 3.96778029e-45 -1.08330302e-44]
[-4.57162869e+33  4.68330992e+33],[-4.61780676e+26  4.73061608e+26],1e+30,[ 1.01143899e-15 -6.22016663e-16],[ 1.01143899e-45 -6.22016663e-46]
[-2.35893994e+33 -2.07792397e+33],[-2.38276761e+26 -2.09891310e+26],1e+30,[2.16992041e-15 1.06671175e-15],[2.16992041e-45 1.06671175e-45]
[1.54299748e+34 5.15814642e+33],[1.55858332e+27 5.21024891e+26],1e+30,[-2.4092668e-16 -1.0000804e-16],[-2.4092668e-46 -1.0000804e-46]
[3.61533065e+33 1.52546561e+33],[3.65184914e+26 1.54087436e+26],1e+30,[-1.95491213e-15 -3.70815934e-15],[-1.95491213e-45 -3.70815934e-45]
[ 2.19772854e+34 -1.09774733e+34],[ 2.21992782e+27 -1.10883569e+27],1e+30,[-9.93907223e-17  4.10552500e-17],[-9.93907223e-47  4.10552500e-47]
[3.5530665e+32 4.2504356e+32],[3.58895606e+25 4.29336929e+25],1e+30,[2.31431913e-14 3.77604929e-14],[2.31431913e-44 3.77604929e-44]
[-2.17882514e+33 -3.83313472e+32],[-2.20083348e+26 -3.87185326e+25],1e+30,[-1.88075909e-15 -4.14095993e-17],[-1.88075909e-45 -4.14095993e-47]
[ 6.39929677e+32 -3.88178386e+32],[ 6.46393613e+25 -3.92099378e+25],1e+30,[-1.99113147e-15  5.51421156e-15],[-1.99113147e-45  5.51421156e-45]
[9.65201542e+32 4.22180202e+33],[9.74951079e+25 4.26444652e+26],1e+30,[-1.08613037e-15 -2.07848266e-15],[-1.08613037e-45 -2.07848266e-45]
[-2.02179749e+33 -1.25991715e+33],[-2.04221969e+26 -1.27264358e+26],1e+30,[9.08327926e-18 1.99184237e-15],[9.08327926e-48 1.99184237e-45]
[ 1.86893350e+34 -1.34051831e+34],[ 1.88781162e+27 -1.35405890e+27],1e+30,[-5.43009675e-17 -5.94304820e-17],[-5.43009675e-47 -5.94304820e-47]
[1.74780581e+33 2.92698807e+33],[1.76546042e+26 2.95655361e+26],1e+30,[2.05813785e-13 9.09765271e-14],[2.05813785e-43 9.09765271e-44]
[1.13405045e+33 2.87497447e+33],[1.14550550e+26 2.90401461e+26],1e+30,[-3.25144650e-14 -4.49723708e-14],[-3.25144650e-44 -4.49723708e-44]
[-4.62832279e+33  2.56831999e+33],[-4.67507353e+26  2.59426262e+26],1e+30,[ 1.67547790e-15 -1.24563996e-15],[ 1.67547790e-45 -1.24563996e-45]
[4.44633132e+34 5.91092226e+34],[4.49124376e+27 5.97062855e+27],1e+30,[-7.62663357e-18 -9.82005280e-18],[-7.62663357e-48 -9.82005280e-48]
[ 1.87216379e+32 -2.44128763e+32],[ 1.89107453e+25 -2.46594709e+25],1e+30,[-7.66955890e-17 -2.55261209e-15],[-7.66955890e-47 -2.55261209e-45]
[1.61482866e+33 3.83125637e+32],[1.63114006e+26 3.86995592e+25],1e+30,[-3.38193433e-14  1.59072798e-14],[-3.38193433e-44  1.59072798e-44]
[ 7.59813831e+33 -2.77138188e+33],[ 7.67488718e+26 -2.79937564e+26],1e+30,[-1.04778472e-15  3.46707232e-16],[-1.04778472e-45  3.46707232e-46]
[ 3.73258106e+33 -5.72971075e+33],[ 3.77028390e+26 -5.78758661e+26],1e+30,[-2.74000202e-16  7.25193850e-16],[-2.74000202e-46  7.25193850e-46]
[-8.11686848e+32 -3.07254019e+33],[-8.19885705e+25 -3.10357595e+26],1e+30,[-1.30732311e-14 -2.54300952e-14],[-1.30732311e-44 -2.54300952e-44]
[1.79948442e+32 8.31585707e+33],[1.81766103e+25 8.39985563e+26],1e+30,[-1.13114986e-16 -9.28824007e-16],[-1.13114986e-46 -9.28824007e-46]
[-2.92416932e+33 -4.10782403e+33],[-2.95370639e+26 -4.14931720e+26],1e+30,[2.43730565e-15 1.35282722e-15],[2.43730565e-45 1.35282722e-45]
[-9.53840072e+33  1.34599546e+34],[-9.63474820e+26  1.35959138e+27],1e+30,[ 1.27710424e-16 -1.86258937e-16],[ 1.27710424e-46 -1.86258937e-46]
[6.63516089e+33 9.89646836e+32],[6.70218272e+26 9.99643270e+25],1e+30,[-4.13260514e-16 -9.78423872e-16],[-4.13260514e-46 -9.78423872e-46]
[-7.81916254e+31 -5.53150807e+32],[-7.89814392e+24 -5.58738190e+25],1e+30,[4.65312783e-16 9.87093744e-16],[4.65312783e-46 9.87093744e-46]
[1.00523429e+32 3.30310636e+33],[1.01538818e+25 3.33647107e+26],1e+30,[-5.17557431e-15 -3.81778785e-15],[-5.17557431e-45 -3.81778785e-45]
[-1.04043273e+33  1.62448797e+33],[-1.05094215e+26  1.64089694e+26],1e+30,[ 2.10769851e-15 -2.37957471e-15],[ 2.10769851e-45 -2.37957471e-45]
[3.20038742e+33 5.96781686e+33],[3.23271456e+26 6.02809784e+26],1e+30,[-1.59777250e-15 -1.21528752e-15],[-1.59777250e-45 -1.21528752e-45]
[-3.64797348e+32 -2.52730328e+33],[-3.68482169e+25 -2.55283159e+26],1e+30,[5.06100454e-15 6.29528899e-14],[5.06100454e-45 6.29528899e-44]
[-2.43698036e+32  2.70123707e+33],[-2.46159633e+25  2.72852229e+26],1e+30,[ 2.12926912e-16 -1.93319549e-15],[ 2.12926912e-46 -1.93319549e-45]
[5.60515916e+33 2.12096249e+33],[5.66177693e+26 2.14238636e+26],1e+30,[-1.69798146e-15 -2.28992307e-16],[-1.69798146e-45 -2.28992307e-46]
[ 7.51281086e+33 -4.79979061e+33],[ 7.58869783e+26 -4.84827334e+26],1e+30,[-6.62305401e-16  3.70264864e-16],[-6.62305401e-46  3.70264864e-46]
[-5.97185613e+33  2.45935025e+34],[-6.03217791e+26  2.48419217e+27],1e+30,[ 2.54795425e-17 -9.97648120e-17],[ 2.54795425e-47 -9.97648120e-47]
[-3.54474488e+33  6.57887274e+33],[-3.58055038e+26  6.64532600e+26],1e+30,[ 6.84252150e-16 -1.14036774e-15],[ 6.84252150e-46 -1.14036774e-45]
[ 2.80271765e+32 -7.18664084e+32],[ 2.83102793e+25 -7.25923318e+25],1e+30,[7.47759547e-16 1.56147499e-15],[7.47759547e-46 1.56147499e-45]
[-5.40393537e+32 -1.71887882e+34],[-5.45852061e+25 -1.73624123e+27],1e+30,[8.39574315e-18 2.34132420e-16],[8.39574315e-48 2.34132420e-46]
[-1.04983480e+33 -1.24680564e+33],[-1.06043920e+26 -1.25939964e+26],1e+30,[7.35116435e-15 2.74947779e-15],[7.35116435e-45 2.74947779e-45]
[-8.20716368e+33 -1.26037615e+34],[-8.29006432e+26 -1.27310722e+27],1e+30,[1.60894528e-16 2.26193770e-16],[1.60894528e-46 2.26193770e-46]
[-1.44938997e+33  2.85716116e+33],[-1.46403027e+26  2.88602137e+26],1e+30,[-1.91941895e-16  1.62086392e-15],[-1.91941895e-46  1.62086392e-45]
[ 1.78616429e+34 -5.65041619e+33],[ 1.80420636e+27 -5.70749110e+26],1e+30,[-1.69945931e-16  6.12750453e-17],[-1.69945931e-46  6.12750453e-47]
[-1.94581138e+32  1.45727072e+34],[-1.96546604e+25  1.47199062e+27],1e+30,[-2.86404212e-17 -3.02288971e-16],[-2.86404212e-47 -3.02288971e-46]
[-8.48014713e+32 -1.32588423e+32],[-8.56580518e+25 -1.33927700e+25],1e+30,[5.22920164e-15 3.57604543e-16],[5.22920164e-45 3.57604543e-46]
[-8.10615655e+33 -2.59229823e+32],[-8.18803691e+26 -2.61848306e+25],1e+30,[ 1.22158104e-15 -3.96082122e-16],[ 1.22158104e-45 -3.96082122e-46]
[1.65815836e+33 1.37840691e+33],[1.67490743e+26 1.39233021e+26],1e+30,[-5.76082018e-16 -8.41943107e-16],[-5.76082018e-46 -8.41943107e-46]
[-1.42269231e+33  5.25973872e+33],[-1.43706294e+26  5.31286739e+26],1e+30,[1.19360399e-14 3.58928529e-15],[1.19360399e-44 3.58928529e-45]
[-1.66889176e+34  7.52925732e+33],[-1.68574925e+27  7.60531042e+26],1e+30,[ 1.91804356e-16 -8.66546737e-17],[ 1.91804356e-46 -8.66546737e-47]
[ 1.89094952e+34 -1.40821507e+34],[ 1.91005002e+27 -1.42243946e+27],1e+30,[-1.32850027e-16  1.94102739e-16],[-1.32850027e-46  1.94102739e-46]
[3.77165855e+33 3.58303611e+33],[3.80975611e+26 3.61922839e+26],1e+30,[-3.20857110e-15  3.78163511e-16],[-3.20857110e-45  3.78163511e-46]
[-3.47963349e+33  8.35708860e+32],[-3.51478130e+26  8.44150365e+25],1e+30,[ 2.47051357e-14 -6.53190787e-14],[ 2.47051357e-44 -6.53190787e-44]
[ 1.64249025e+33 -1.48837697e+33],[ 1.65908106e+26 -1.50341108e+26],1e+30,[-2.10613996e-15 -9.66272048e-17],[-2.10613996e-45 -9.66272048e-47]
[ 1.13704561e+33 -3.28766487e+33],[ 1.14853092e+26 -3.32087361e+26],1e+30,[-3.53041256e-15  3.45694142e-15],[-3.53041256e-45  3.45694142e-45]
[-6.77329718e+31  5.12690014e+32],[-6.84171425e+24  5.17868701e+25],1e+30,[-1.48046049e-15  3.14550249e-16],[-1.48046049e-45  3.14550249e-46]
[ 3.40010339e+33 -6.92527049e+33],[ 3.43444786e+26 -6.99522272e+26],1e+30,[-3.87945483e-16  8.43692760e-16],[-3.87945483e-46  8.43692760e-46]
[4.20807848e+33 4.37254650e+33],[4.25058432e+26 4.41671364e+26],1e+30,[-1.26573045e-15 -1.13163912e-15],[-1.26573045e-45 -1.13163912e-45]
[-3.32695370e+33 -6.82364271e+33],[-3.36055978e+26 -6.89256825e+26],1e+30,[4.10741910e-16 4.08745088e-16],[4.10741910e-46 4.08745088e-46]
[-4.27844586e+33 -2.20007765e+33],[-4.32166249e+26 -2.22230066e+26],1e+30,[ 2.76619079e-15 -8.98572963e-16],[ 2.76619079e-45 -8.98572963e-46]
[ 3.49254652e+32 -1.98872751e+32],[ 3.52782477e+25 -2.00881567e+25],1e+30,[-1.33853534e-15 -1.50177253e-15],[-1.33853534e-45 -1.50177253e-45]
[ 7.76661995e+32 -9.02739191e+32],[ 7.84507065e+25 -9.11857770e+25],1e+30,[-8.05076388e-15 -9.21087289e-15],[-8.05076388e-45 -9.21087289e-45]
[-4.19355878e+33 -9.98829873e+33],[-4.23591796e+26 -1.00891906e+27],1e+30,[5.43050926e-16 8.99991229e-16],[5.43050926e-46 8.99991229e-46]
[ 2.30241997e+33 -3.89643504e+32],[ 2.32567673e+26 -3.93579297e+25],1e+30,[-1.48532455e-14 -6.50743071e-15],[-1.48532455e-44 -6.50743071e-45]
[-5.65105180e+33  1.08902715e+33],[-5.70813314e+26  1.10002742e+26],1e+30,[1.54415579e-15 1.53573137e-16],[1.54415579e-45 1.53573137e-46]
[-3.92896687e+34 -2.59197267e+34],[-3.96865340e+27 -2.61815421e+27],1e+30,[2.35423561e-17 1.50895685e-17],[2.35423561e-47 1.50895685e-47]
[6.82708722e+33 1.03041064e+34],[6.89604770e+26 1.04081883e+27],1e+30,[-2.41276339e-16 -3.56192815e-16],[-2.41276339e-46 -3.56192815e-46]
[-5.51686400e+33  9.64257445e+33],[-5.57258990e+26  9.73997419e+26],1e+30,[ 7.86785932e-17 -7.09640597e-16],[ 7.86785932e-47 -7.09640597e-46]
[ 8.05358808e+33 -1.28856562e+33],[ 8.13493745e+26 -1.30158143e+26],1e+30,[-9.34123394e-16  7.37466958e-17],[-9.34123394e-46  7.37466958e-47]
[-2.57824155e+33 -4.68197733e+32],[-2.60428440e+26 -4.72927003e+25],1e+30,[2.64084763e-15 1.62839784e-15],[2.64084763e-45 1.62839784e-45]
[1.61450478e+33 3.76650081e+33],[1.63081291e+26 3.80454627e+26],1e+30,[-3.21093538e-15  3.27867984e-15],[-3.21093538e-45  3.27867984e-45]
[-9.23376543e+31 -3.70557460e+33],[-9.32703567e+24 -3.74300465e+26],1e+30,[1.16204692e-14 1.71325063e-14],[1.16204692e-44 1.71325063e-44]
[-1.41422923e+34  1.12156899e+34],[-1.42851437e+27  1.13289797e+27],1e+30,[ 1.46554295e-16 -2.42768785e-16],[ 1.46554295e-46 -2.42768785e-46]
[-2.82392233e+33 -1.06513413e+34],[-2.85244680e+26 -1.07589306e+27],1e+30,[9.39537590e-17 5.72221401e-16],[9.39537590e-47 5.72221401e-46]
[7.0425579e+32 1.6485767e+33],[7.11369484e+25 1.66522899e+26],1e+30,[ 3.90113574e-15 -4.48827780e-16],[ 3.90113574e-45 -4.48827780e-46]
[-8.51901999e+33 -4.27653901e+33],[-8.60507070e+26 -4.31973638e+26],1e+30,[6.38365271e-16 4.73692419e-16],[6.38365271e-46 4.73692419e-46]
[ 2.80519614e+33 -5.06931534e+33],[ 2.83353146e+26 -5.12052054e+26],1e+30,[-5.19688582e-16  9.70358871e-16],[-5.19688582e-46  9.70358871e-46]
[-2.45597254e+33  6.35733775e+33],[-2.48078034e+26  6.42155328e+26],1e+30,[ 5.30094433e-16 -1.21271224e-15],[ 5.30094433e-46 -1.21271224e-45]
[-8.41748017e+32 -3.58041968e+33],[-8.50250522e+25 -3.61658554e+26],1e+30,[1.54014539e-15 4.75478395e-15],[1.54014539e-45 4.75478395e-45]
[ 2.55423186e+33 -3.93549590e+33],[ 2.58003218e+26 -3.97524838e+26],1e+30,[-1.11272739e-15  1.39122732e-15],[-1.11272739e-45  1.39122732e-45]
[-8.11784193e+29  1.10913998e+33],[-8.19982751e+22  1.12034342e+26],1e+30,[-4.32933088e-15 -1.65446387e-15],[-4.32933088e-45 -1.65446387e-45]
[-7.11565578e+32  1.77506554e+33],[-7.18753108e+25  1.79299549e+26],1e+30,[ 2.78591784e-15 -1.33399803e-15],[ 2.78591784e-45 -1.33399803e-45]
[ 3.38456516e+34 -8.70100066e+33],[ 3.41875269e+27 -8.78888956e+26],1e+30,[-5.13392364e-17  1.17224666e-17],[-5.13392364e-47  1.17224666e-47]
[1.40873052e+33 7.79019897e+32],[1.42296013e+26 7.86888785e+25],1e+30,[-1.24019818e-16 -4.05102070e-16],[-1.24019818e-46 -4.05102070e-46]
[-5.02978302e+33 -2.09560673e+32],[-5.08058891e+26 -2.11677448e+25],1e+30,[ 1.38390958e-15 -3.42745134e-16],[ 1.38390958e-45 -3.42745134e-46]
[-5.01314268e+33  6.86426536e+33],[-5.06378049e+26  6.93360137e+26],1e+30,[ 6.25747899e-16 -7.58063680e-16],[ 6.25747899e-46 -7.58063680e-46]
[ 4.11909319e+33 -1.26697871e+33],[ 4.16070020e+26 -1.27977648e+26],1e+30,[-2.50676337e-15  6.67715043e-16],[-2.50676337e-45  6.67715043e-46]
[-1.33469732e+32  1.29784128e+33],[-1.34817911e+25  1.31095079e+26],1e+30,[ 8.54294037e-15 -2.60422888e-14],[ 8.54294037e-45 -2.60422888e-44]
[-5.59693054e+33 -6.13125567e+32],[-5.65346519e+26 -6.19318755e+25],1e+30,[-4.67383067e-15  7.88889884e-15],[-4.67383067e-45  7.88889884e-45]
[-4.02594287e+34  2.41077792e+34],[-4.06660896e+27  2.43512921e+27],1e+30,[ 2.68389470e-17 -1.63662088e-17],[ 2.68389470e-47 -1.63662088e-47]
[-3.95149777e+32 -2.39533995e+33],[-3.99141188e+25 -2.41953531e+26],1e+30,[ 5.52325104e-15 -3.98133367e-15],[ 5.52325104e-45 -3.98133367e-45]
[-1.44003151e+31 -3.43712731e+32],[-1.45457728e+24 -3.47184577e+25],1e+30,[-1.34547784e-15 -1.04706598e-15],[-1.34547784e-45 -1.04706598e-45]
[5.16783381e+33 2.10791311e+33],[5.22003415e+26 2.12920516e+26],1e+30,[-1.80683206e-15  3.25798494e-17],[-1.80683206e-45  3.25798494e-47]
[ 4.81386483e+32 -6.71039027e+33],[ 4.86248973e+25 -6.77817199e+26],1e+30,[2.87586517e-16 2.79522926e-15],[2.87586517e-46 2.79522926e-45]
[1.15189194e+34 2.20491600e+33],[1.16352721e+27 2.22718788e+26],1e+30,[-5.30233296e-16 -2.10936338e-16],[-5.30233296e-46 -2.10936338e-46]
[ 1.89412985e+34 -2.19385982e+33],[ 1.91326248e+27 -2.21602002e+26],1e+30,[-1.78989359e-16  3.01913641e-17],[-1.78989359e-46  3.01913641e-47]
[4.91748932e+33 1.09996721e+34],[4.96716093e+26 1.11107799e+27],1e+30,[-2.08533521e-16 -4.34638346e-16],[-2.08533521e-46 -4.34638346e-46]
[ 1.67593199e+33 -2.63618565e+33],[ 1.69286060e+26 -2.66281379e+26],1e+30,[-1.42540827e-15  4.62769373e-15],[-1.42540827e-45  4.62769373e-45]
[2.48383079e+33 2.76276439e+33],[2.50891999e+26 2.79067110e+26],1e+30,[-2.71091783e-15 -2.93729857e-15],[-2.71091783e-45 -2.93729857e-45]
[ 1.86242138e+33 -5.75485770e+31],[ 1.88123371e+26 -5.81298760e+24],1e+30,[-3.01065570e-15 -4.11814342e-16],[-3.01065570e-45 -4.11814342e-46]
[-1.77212262e+33 -7.47959477e+33],[-1.79002285e+26 -7.55514623e+26],1e+30,[4.59856119e-16 9.90152856e-16],[4.59856119e-46 9.90152856e-46]
[-2.21302783e+32  3.70268929e+33],[-2.23538162e+25  3.74009019e+26],1e+30,[-3.66994316e-15  2.81390015e-16],[-3.66994316e-45  2.81390015e-46]
[ 5.54585061e+33 -1.65203860e+34],[ 5.60186931e+26 -1.66872586e+27],1e+30,[-5.39660301e-17  1.89585266e-16],[-5.39660301e-47  1.89585266e-46]
[-4.70665879e+33 -2.75340813e+33],[-4.75420080e+26 -2.78122034e+26],1e+30,[2.36204328e-15 1.21702929e-15],[2.36204328e-45 1.21702929e-45]
[ 4.30907272e+33 -7.57520614e+33],[ 4.35259871e+26 -7.65172338e+26],1e+30,[-4.63005845e-16  8.49248122e-16],[-4.63005845e-46  8.49248122e-46]
[5.00798201e+33 5.83505715e+32],[5.05856768e+26 5.89399713e+25],1e+30,[-1.38510573e-16 -1.35836247e-15],[-1.38510573e-46 -1.35836247e-45]
[-4.69030034e+32  3.80078079e+32],[-4.73767712e+25  3.83917249e+25],1e+30,[-6.10036835e-16  4.99021746e-15],[-6.10036835e-46  4.99021746e-45]
[-5.15029686e+33  1.92474710e+34],[-5.20232005e+26  1.94418899e+27],1e+30,[ 4.81833011e-17 -1.68976442e-16],[ 4.81833011e-47 -1.68976442e-46]
[ 6.98165227e+33 -3.34573681e+33],[ 7.05217402e+26 -3.37953212e+26],1e+30,[-1.63612691e-15  2.69838181e-16],[-1.63612691e-45  2.69838181e-46]
[-2.99230450e+33  1.75022536e+33],[-3.0225298e+26  1.7679044e+26],1e+30,[ 2.07592083e-15 -6.86880398e-16],[ 2.07592083e-45 -6.86880398e-46]
[-8.26712394e+33 -2.95548285e+33],[-8.35063024e+26 -2.98533621e+26],1e+30,[6.45019664e-16 4.58613037e-16],[6.45019664e-46 4.58613037e-46]
[-1.31624457e+33  1.12407750e+33],[-1.32953997e+26  1.13543182e+26],1e+30,[-2.80394936e-15 -2.79242710e-14],[-2.80394936e-45 -2.79242710e-44]
[-2.29425960e+33  1.91611803e+33],[-2.31743394e+26  1.93547276e+26],1e+30,[ 3.54811935e-15 -1.50582077e-16],[ 3.54811935e-45 -1.50582077e-46]
[ 5.98475919e+33 -1.37304221e+34],[ 6.04521130e+26 -1.38691132e+27],1e+30,[-1.18377724e-16  2.75779246e-16],[-1.18377724e-46  2.75779246e-46]
[ 2.84267551e+33 -7.57175868e+33],[ 2.87138941e+26 -7.64824110e+26],1e+30,[-8.31774346e-16  5.90939094e-16],[-8.31774346e-46  5.90939094e-46]
[-4.60015843e+33  1.50529126e+34],[-4.64662468e+26  1.52049623e+27],1e+30,[ 8.57727640e-17 -2.24260797e-16],[ 8.57727640e-47 -2.24260797e-46]
[-2.89830479e+32 -6.56531933e+32],[-2.92758060e+25 -6.63163569e+25],1e+30,[1.38819263e-15 3.78098536e-15],[1.38819263e-45 3.78098536e-45]
[2.69516480e+34 5.01914766e+34],[2.72238869e+27 5.06984612e+27],1e+30,[-1.01001178e-17 -1.86182429e-17],[-1.01001178e-47 -1.86182429e-47]
[-1.40956918e+33  4.48903806e+33],[-1.42380726e+26  4.53438188e+26],1e+30,[-1.66699017e-15 -1.12286328e-14],[-1.66699017e-45 -1.12286328e-44]
[4.85578980e+34 3.81993321e+35],[4.90483818e+27 3.85851839e+28],1e+30,[-5.73492315e-20 -4.53750890e-19],[-5.73492315e-50 -4.53750890e-49]
[-3.14462033e+33 -1.27989913e+33],[-3.17638417e+26 -1.29282740e+26],1e+30,[-9.98044541e-16 -6.18916388e-15],[-9.98044541e-46 -6.18916388e-45]
[ 6.80111128e+32 -9.01951504e+32],[ 6.86980937e+25 -9.11062125e+25],1e+30,[ 1.40274096e-15 -3.85245625e-15],[ 1.40274096e-45 -3.85245625e-45]
[ 6.90902540e+32 -5.94885393e+33],[ 6.97881354e+25 -6.00894336e+26],1e+30,[-2.54379512e-16  1.03356485e-15],[-2.54379512e-46  1.03356485e-45]
[-7.38503020e+32 -3.41976708e+33],[-7.45962647e+25 -3.45431018e+26],1e+30,[1.53019739e-15 2.80196949e-15],[1.53019739e-45 2.80196949e-45]
[-3.18035724e+33 -1.36218456e+33],[-3.21248206e+26 -1.37594400e+26],1e+30,[5.63061129e-15 9.07101938e-15],[5.63061129e-45 9.07101938e-45]
[ 4.03801692e+33 -5.34997524e+33],[ 4.07880497e+26 -5.40401539e+26],1e+30,[1.53725224e-16 1.37246662e-15],[1.53725224e-46 1.37246662e-45]
[1.00899145e+34 1.46514130e+34],[1.01918328e+27 1.47994070e+27],1e+30,[-9.61201003e-17 -1.80242066e-16],[-9.61201003e-47 -1.80242066e-46]
[ 5.33736518e+33 -2.78795042e+33],[ 5.39127796e+26 -2.81611153e+26],1e+30,[-1.03883697e-15 -6.58599905e-16],[-1.03883697e-45 -6.58599905e-46]
[-4.27376533e+33  2.55060545e+33],[-4.31693468e+26  2.57636914e+26],1e+30,[ 8.87841185e-16 -1.15361873e-15],[ 8.87841185e-46 -1.15361873e-45]
[-9.09102265e+32  4.68610063e+33],[-9.18285116e+25  4.73343498e+26],1e+30,[9.85014301e-17 6.87329203e-17],[9.85014301e-47 6.87329203e-47]
[-1.59233073e+33 -4.19387811e+33],[-1.60841487e+26 -4.23624052e+26],1e+30,[-3.27912582e-16  2.95686533e-15],[-3.27912582e-46  2.95686533e-45]
[-3.83394075e+33 -1.79759757e+33],[-3.87266743e+26 -1.81575512e+26],1e+30,[5.56779843e-16 2.61306834e-16],[5.56779843e-46 2.61306834e-46]
[2.10098645e+33 1.33785260e+34],[2.12220853e+26 1.35136627e+27],1e+30,[-7.19362920e-17 -3.48855161e-16],[-7.19362920e-47 -3.48855161e-46]
[ 3.39562329e+32 -9.50288576e+33],[ 3.42992251e+25 -9.59887451e+26],1e+30,[-2.73899744e-16  8.75302630e-16],[-2.73899744e-46  8.75302630e-46]
[4.53114641e+33 6.40700344e+33],[4.57691560e+26 6.47172068e+26],1e+30,[1.66167353e-15 6.32822592e-16],[1.66167353e-45 6.32822592e-46]
[ 8.48571829e+32 -3.83759721e+33],[ 8.57143262e+25 -3.87636082e+26],1e+30,[7.67645239e-16 2.02754653e-15],[7.67645239e-46 2.02754653e-45]
[4.26420844e+33 1.02625705e+34],[4.30728125e+26 1.03662328e+27],1e+30,[-1.52369052e-16 -3.98578793e-16],[-1.52369052e-46 -3.98578793e-46]
[-3.33706329e+33  5.55507864e+32],[-3.37077100e+26  5.61119055e+25],1e+30,[ 2.83765729e-15 -2.08132043e-15],[ 2.83765729e-45 -2.08132043e-45]
[2.00253915e+33 4.36655157e+32],[2.02276682e+26 4.41065815e+25],1e+30,[-6.23836569e-15  1.22407103e-15],[-6.23836569e-45  1.22407103e-45]
[3.84667933e+33 9.47436721e+32],[3.88553468e+26 9.57006789e+25],1e+30,[8.37110986e-16 5.77770943e-16],[8.37110986e-46 5.77770943e-46]
[-1.20569100e+34  1.11640624e+34],[-1.21786969e+27  1.12768307e+27],1e+30,[ 1.42056461e-16 -1.57473900e-16],[ 1.42056461e-46 -1.57473900e-46]
[-1.76194457e+33 -3.80354755e+33],[-1.77974199e+26 -3.84196722e+26],1e+30,[9.13500157e-16 6.79805568e-16],[9.13500157e-46 6.79805568e-46]
[2.26687958e+33 4.83811766e+32],[2.28977735e+26 4.88698754e+25],1e+30,[-6.17112538e-16  1.72046351e-15],[-6.17112538e-46  1.72046351e-45]
[ 1.88174608e+33 -1.54065841e+33],[ 1.90075361e+26 -1.55622062e+26],1e+30,[-2.86219539e-15  1.28409574e-15],[-2.86219539e-45  1.28409574e-45]
[ 1.41653552e+33 -5.12348349e+33],[ 1.43084396e+26 -5.17523585e+26],1e+30,[-5.73581036e-16  1.62514180e-15],[-5.73581036e-46  1.62514180e-45]
[-4.88780886e+34 -3.88588335e+35],[-4.93718067e+27 -3.92513469e+28],1e+30,[5.48738622e-20 4.38562728e-19],[5.48738622e-50 4.38562728e-49]
[-4.35926206e+34 -3.02477765e+34],[-4.40329501e+27 -3.05533096e+27],1e+30,[2.03145913e-17 1.47350819e-17],[2.03145913e-47 1.47350819e-47]
[-6.03894417e+33  8.03071746e+33],[-6.09994361e+26  8.11183582e+26],1e+30,[ 4.28778129e-16 -4.49337137e-16],[ 4.28778129e-46 -4.49337137e-46]
[-2.10079254e+33  4.41688864e+33],[-2.12201266e+26  4.46150368e+26],1e+30,[ 1.24479968e-15 -1.08201920e-15],[ 1.24479968e-45 -1.08201920e-45]
[-2.88831099e+33  5.65566295e+32],[-2.91748585e+26  5.71279085e+25],1e+30,[ 2.11893213e-17 -1.93577661e-15],[ 2.11893213e-47 -1.93577661e-45]
[ 4.96105968e+33 -1.60552789e+33],[ 5.01117140e+26 -1.62174534e+26],1e+30,[-1.67688811e-15  3.65109986e-16],[-1.67688811e-45  3.65109986e-46]
[-3.00896874e+33 -7.73682124e+33],[-3.03936236e+26 -7.81497095e+26],1e+30,[9.68588605e-17 1.25811149e-15],[9.68588605e-47 1.25811149e-45]
[-6.21425539e+33  1.87436937e+33],[-6.27702564e+26  1.89330239e+26],1e+30,[ 1.36221910e-15 -5.86696464e-16],[ 1.36221910e-45 -5.86696464e-46]
[-8.11062853e+32 -9.15665434e+32],[-8.19255407e+25 -9.24914580e+25],1e+30,[ 4.12686543e-15 -1.10940890e-15],[ 4.12686543e-45 -1.10940890e-45]
[-6.33883095e+31 -9.15462826e+32],[-6.40285957e+24 -9.24709925e+25],1e+30,[2.62536401e-15 5.37195087e-15],[2.62536401e-45 5.37195087e-45]
[-3.05369664e+33  2.99136650e+33],[-3.08454206e+26  3.02158233e+26],1e+30,[ 2.47885071e-15 -2.92388144e-16],[ 2.47885071e-45 -2.92388144e-46]
[ 3.60231493e+33 -1.88226845e+33],[ 3.63870195e+26 -1.90128126e+26],1e+30,[-3.29764580e-15 -4.24361931e-15],[-3.29764580e-45 -4.24361931e-45]
[-4.01737478e+33 -7.15930543e+33],[-4.05795432e+26 -7.23162164e+26],1e+30,[3.74514001e-16 1.74863231e-16],[3.74514001e-46 1.74863231e-46]
[-5.40755459e+34 -6.47945506e+34],[-5.46217635e+27 -6.54490410e+27],1e+30,[6.02493554e-18 7.34902449e-18],[6.02493554e-48 7.34902449e-48]
[-3.10817606e+33  4.19534349e+32],[-3.13957178e+26  4.23772070e+25],1e+30,[-2.01607491e-13 -8.36766094e-14],[-2.01607491e-43 -8.36766094e-44]
[-2.41968556e+32  1.12678537e+33],[-2.44412683e+25  1.13816704e+26],1e+30,[-1.56394859e-15  6.23225519e-16],[-1.56394859e-45  6.23225519e-46]
[1.15980486e+34 1.38170308e+34],[1.17152006e+27 1.39565967e+27],1e+30,[-1.49247292e-16 -2.24681699e-16],[-1.49247292e-46 -2.24681699e-46]
[3.14547110e+33 4.66493666e+33],[3.17724353e+26 4.71205724e+26],1e+30,[-1.37542369e-15 -1.58385237e-15],[-1.37542369e-45 -1.58385237e-45]
[-1.17531813e+33  1.86846055e+33],[-1.18719003e+26  1.88733389e+26],1e+30,[ 1.71219689e-15 -2.38213625e-15],[ 1.71219689e-45 -2.38213625e-45]
[-2.57531831e+33 -4.21518720e+33],[-2.60133163e+26 -4.25776485e+26],1e+30,[1.04966621e-15 2.53485526e-15],[1.04966621e-45 2.53485526e-45]
[-7.41442753e+33  3.95070993e+33],[-7.48932074e+26  3.99061609e+26],1e+30,[ 7.21322578e-16 -4.88868824e-16],[ 7.21322578e-46 -4.88868824e-46]
[2.58745364e+33 2.17342401e+33],[2.61358953e+26 2.19537778e+26],1e+30,[-3.56738566e-15 -3.94637990e-15],[-3.56738566e-45 -3.94637990e-45]
[2.28106966e+34 3.83670917e+33],[2.30411076e+27 3.87546381e+26],1e+30,[-1.21865902e-16 -1.85531779e-17],[-1.21865902e-46 -1.85531779e-47]
[-3.32901525e+31  2.02029245e+33],[-3.36264182e+24  2.04069945e+26],1e+30,[-1.04292205e-15 -4.00221962e-15],[-1.04292205e-45 -4.00221962e-45]
[ 1.54142404e+33 -4.36035064e+32],[ 1.55699398e+26 -4.40439459e+25],1e+30,[-1.62408747e-13 -1.55567981e-13],[-1.62408747e-43 -1.55567981e-43]
[ 4.00827365e+33 -8.20694897e+33],[ 4.04876126e+26 -8.28984744e+26],1e+30,[-3.95858403e-16  8.39812552e-16],[-3.95858403e-46  8.39812552e-46]
[-7.05969444e+33 -2.15826363e+33],[-7.13100449e+26 -2.18006427e+26],1e+30,[9.85292637e-16 5.05120048e-16],[9.85292637e-46 5.05120048e-46]
[-2.60043621e+33  4.09472713e+33],[-2.62670324e+26  4.13608801e+26],1e+30,[ 1.01305069e-15 -1.14156308e-15],[ 1.01305069e-45 -1.14156308e-45]
[-3.43621245e+33  2.85189714e+33],[-3.47092167e+26  2.88070418e+26],1e+30,[-3.90159270e-16 -7.58411164e-16],[-3.90159270e-46 -7.58411164e-46]
[-2.57643192e+32  6.06606230e+32],[-2.60245649e+25  6.12733566e+25],1e+30,[-4.24758510e-15 -6.83753117e-16],[-4.24758510e-45 -6.83753117e-46]
[-1.32590179e+33  3.45298152e+32],[-1.33929473e+26  3.48786012e+25],1e+30,[ 7.47232788e-15 -1.86095906e-16],[ 7.47232788e-45 -1.86095906e-46]
[5.66950671e+33 1.16373975e+33],[5.72677445e+26 1.17549470e+26],1e+30,[-2.37541862e-15  1.54223767e-15],[-2.37541862e-45  1.54223767e-45]
[-3.29789215e+33  1.19425873e+33],[-3.33120419e+26  1.20632195e+26],1e+30,[ 3.54255444e-16 -1.32631715e-15],[ 3.54255444e-46 -1.32631715e-45]
[-1.10121181e+32  1.25012372e+33],[-1.11233517e+25  1.26275124e+26],1e+30,[-1.23674083e-14  1.60896440e-14],[-1.23674083e-44  1.60896440e-44]
[ 4.02926630e+33 -4.45468572e+33],[ 4.06996596e+26 -4.49968255e+26],1e+30,[-1.57421555e-15 -4.53913468e-15],[-1.57421555e-45 -4.53913468e-45]
[-1.01513364e+34  1.32359648e+33],[-1.02538752e+27  1.33696614e+26],1e+30,[ 9.73822011e-16 -2.51595841e-17],[ 9.73822011e-46 -2.51595841e-47]
[ 1.45629851e+34 -2.40561462e+34],[ 1.47100859e+27 -2.42991376e+27],1e+30,[-5.92845054e-17  1.09298440e-16],[-5.92845054e-47  1.09298440e-46]
[ 4.44405586e+32 -1.26664561e+33],[ 4.48894531e+25 -1.27944001e+26],1e+30,[5.10139841e-15 7.28853238e-15],[5.10139841e-45 7.28853238e-45]
[4.60695380e+33 5.38565915e+32],[4.65348869e+26 5.44005974e+25],1e+30,[-2.89838347e-15  1.62586953e-15],[-2.89838347e-45  1.62586953e-45]
[-7.58398669e+33 -1.91198124e+33],[-7.66059262e+26 -1.93129418e+26],1e+30,[1.12593449e-15 1.28316019e-16],[1.12593449e-45 1.28316019e-46]
[-3.70775135e+34  8.29922978e+34],[-3.74520339e+27  8.38306039e+27],1e+30,[ 3.24775946e-18 -7.47979162e-18],[ 3.24775946e-48 -7.47979162e-48]
[ 5.96401811e+31 -3.76657196e+33],[ 6.02426061e+24 -3.80461814e+26],1e+30,[-5.48669226e-15  1.55450972e-15],[-5.48669226e-45  1.55450972e-45]
[-6.76026693e+32 -2.26337068e+32],[-6.82855245e+25 -2.28623301e+25],1e+30,[-8.91219748e-15 -8.71898666e-16],[-8.91219748e-45 -8.71898666e-46]
[4.39359073e+31 6.91385922e+33],[4.43797044e+24 6.98369619e+26],1e+30,[-7.45188443e-16 -1.33654641e-15],[-7.45188443e-46 -1.33654641e-45]
[-2.50408486e+33  5.09654662e+33],[-2.52937865e+26  5.14802689e+26],1e+30,[ 1.64511959e-15 -2.18724930e-16],[ 1.64511959e-45 -2.18724930e-46]
[-1.93052360e+33 -2.38337206e+33],[-1.95002383e+26 -2.40744653e+26],1e+30,[-5.76528400e-16 -1.45451284e-15],[-5.76528400e-46 -1.45451284e-45]
[5.17619625e+33 5.49674997e+32],[5.22848106e+26 5.55227269e+25],1e+30,[-4.57037022e-15 -5.66137232e-16],[-4.57037022e-45 -5.66137232e-46]
[2.83048007e+33 2.91955910e+32],[2.85907078e+26 2.94904959e+25],1e+30,[-3.01304149e-15  3.93353806e-17],[-3.01304149e-45  3.93353806e-47]
[-1.66252066e+34  1.08742105e+34],[-1.6793138e+27  1.0984051e+27],1e+30,[ 1.61892679e-16 -9.30115795e-17],[ 1.61892679e-46 -9.30115795e-47]
[-1.10390152e+34 -3.14090252e+33],[-1.11505204e+27 -3.17262881e+26],1e+30,[4.74417787e-16 1.52638700e-16],[4.74417787e-46 1.52638700e-46]
[-2.88702599e+32  6.69758290e+33],[-2.91618787e+25  6.76523525e+26],1e+30,[-4.87069733e-16 -1.14535068e-15],[-4.87069733e-46 -1.14535068e-45]
[-4.29541092e+32  6.09865292e+33],[-4.33879891e+25  6.16025547e+26],1e+30,[ 5.06475784e-17 -1.02750582e-15],[ 5.06475784e-47 -1.02750582e-45]
[-3.46911463e+33  8.05801191e+32],[-3.50415619e+26  8.13940597e+25],1e+30,[-2.00981177e-14  6.22474854e-14],[-2.00981177e-44  6.22474854e-44]
[1.03189858e+33 2.16343406e+33],[1.04232180e+26 2.18528693e+26],1e+30,[-9.62104236e-16 -1.83404589e-15],[-9.62104236e-46 -1.83404589e-45]
[-1.57533209e+33  1.61971133e+31],[-1.59124453e+26  1.63607206e+24],1e+30,[3.36320180e-15 9.48736387e-16],[3.36320180e-45 9.48736387e-46]
[ 2.58171469e+33 -2.16038564e+33],[ 2.60779262e+26 -2.18220772e+26],1e+30,[-3.81388526e-15  2.23864212e-15],[-3.81388526e-45  2.23864212e-45]
[-8.51839632e+32 -1.72416525e+33],[-8.60444073e+25 -1.74158106e+26],1e+30,[-5.84472105e-16  2.89369437e-15],[-5.84472105e-46  2.89369437e-45]
[8.40773299e+33 4.47437590e+33],[8.49265959e+26 4.51957162e+26],1e+30,[-7.52318935e-16 -2.35247660e-16],[-7.52318935e-46 -2.35247660e-46]
[ 2.29177884e+33 -1.39393875e+33],[ 2.31492812e+26 -1.40801894e+26],1e+30,[-2.51061006e-15 -2.52476703e-15],[-2.51061006e-45 -2.52476703e-45]
[ 9.33433678e+32 -4.70259943e+33],[ 9.42862301e+25 -4.75010044e+26],1e+30,[-7.08454634e-16  2.66103756e-15],[-7.08454634e-46  2.66103756e-45]
[-6.80206056e+32 -1.49986393e+33],[-6.87076823e+25 -1.51501407e+26],1e+30,[7.11329988e-16 3.80613465e-15],[7.11329988e-46 3.80613465e-45]
[-3.05069282e+33  4.64300484e+33],[-3.08150790e+26  4.68990387e+26],1e+30,[ 1.65077376e-15 -1.46675732e-15],[ 1.65077376e-45 -1.46675732e-45]
[2.02183848e+33 1.13344884e+33],[2.04226109e+26 1.14489781e+26],1e+30,[ 8.00165375e-16 -2.46789193e-15],[ 8.00165375e-46 -2.46789193e-45]
[4.38697196e+32 6.22004060e+32],[4.43128479e+25 6.28286931e+25],1e+30,[-2.96128202e-15 -1.90524172e-14],[-2.96128202e-45 -1.90524172e-44]
[6.07176681e+33 9.17082768e+33],[6.13309779e+26 9.26346230e+26],1e+30,[-2.59529042e-16 -3.92071991e-16],[-2.59529042e-46 -3.92071991e-46]
[-4.28038410e+33 -1.75032872e+33],[-4.32362031e+26 -1.76800881e+26],1e+30,[1.37984514e-15 5.60718545e-16],[1.37984514e-45 5.60718545e-46]
[1.20084506e+34 5.45659714e+33],[1.21297481e+27 5.51171428e+26],1e+30,[-3.05578938e-16 -1.62739409e-16],[-3.05578938e-46 -1.62739409e-46]
[7.42222302e+32 2.54761032e+33],[7.49719497e+25 2.57334376e+26],1e+30,[-1.01970224e-16 -2.02736161e-15],[-1.01970224e-46 -2.02736161e-45]
[-1.57453143e+33  2.09805369e+33],[-1.59043578e+26  2.11924615e+26],1e+30,[ 1.34146854e-15 -6.41205256e-15],[ 1.34146854e-45 -6.41205256e-45]
[-1.87771173e+33 -4.08766624e+33],[-1.89667852e+26 -4.12895579e+26],1e+30,[-4.72356030e-15  2.77465996e-15],[-4.72356030e-45  2.77465996e-45]
[-4.97189329e+34  3.70150971e+33],[-5.02211444e+27  3.73889870e+26],1e+30,[ 2.81086583e-17 -1.89012433e-18],[ 2.81086583e-47 -1.89012433e-48]
[-2.10818301e+33  2.94357587e+33],[-2.12947779e+26  2.97330896e+26],1e+30,[ 1.16263752e-15 -1.50810507e-15],[ 1.16263752e-45 -1.50810507e-45]
[-1.55131325e+33 -3.02071388e+33],[-1.56698308e+26 -3.05122615e+26],1e+30,[-6.03483400e-15 -1.03921415e-15],[-6.03483400e-45 -1.03921415e-45]
[-7.84182599e+33  5.84436172e+33],[-7.92103635e+26  5.90339568e+26],1e+30,[ 5.00841919e-16 -3.81057238e-16],[ 5.00841919e-46 -3.81057238e-46]
[-2.17084243e+33  7.83382220e+33],[-2.19277013e+26  7.91295172e+26],1e+30,[ 1.21853740e-16 -1.01459769e-15],[ 1.21853740e-46 -1.01459769e-45]
[ 3.97942659e+33 -2.73246786e+34],[ 4.01962282e+26 -2.76006854e+27],1e+30,[-1.00784988e-17  8.37639787e-17],[-1.00784988e-47  8.37639787e-47]
[-2.63040321e+33  3.26626242e+33],[-2.65697294e+26  3.29925497e+26],1e+30,[ 3.55593602e-15 -2.53358655e-15],[ 3.55593602e-45 -2.53358655e-45]
[-1.00908539e+32  2.87578902e+33],[-1.01927817e+25  2.90483739e+26],1e+30,[ 4.57942848e-16 -3.91023136e-15],[ 4.57942848e-46 -3.91023136e-45]
[-2.56142336e+32  5.37867114e+33],[-2.58729632e+25  5.43300115e+26],1e+30,[-1.90844483e-15 -1.31123682e-15],[-1.90844483e-45 -1.31123682e-45]
[-1.96807774e+34 -6.07965038e+33],[-1.98795731e+27 -6.14106099e+26],1e+30,[1.99467601e-16 3.51964948e-17],[1.99467601e-46 3.51964948e-47]
[2.44801935e+32 2.51545525e+32],[2.47274682e+25 2.54086388e+25],1e+30,[-3.10017485e-15  1.96706579e-14],[-3.10017485e-45  1.96706579e-44]
[-2.10790093e+33  6.15259952e+32],[-2.12919286e+26  6.21474698e+25],1e+30,[-3.33703194e-15 -1.80200748e-15],[-3.33703194e-45 -1.80200748e-45]
[-3.96504357e+33  4.65694779e+33],[-4.00509451e+26  4.70398767e+26],1e+30,[ 1.27974488e-15 -6.85725186e-16],[ 1.27974488e-45 -6.85725186e-46]
[ 1.60782751e+32 -1.63425807e+33],[ 1.62406819e+25 -1.65076573e+26],1e+30,[1.21948264e-15 1.69444655e-15],[1.21948264e-45 1.69444655e-45]
[5.33546452e+32 1.01217177e+34],[5.38935809e+25 1.02239573e+27],1e+30,[ 1.25710172e-16 -4.97894602e-16],[ 1.25710172e-46 -4.97894602e-46]
[-3.91968493e+33 -7.87283650e+33],[-3.9592777e+26 -7.9523601e+26],1e+30,[ 4.18928725e-15 -2.43855700e-15],[ 4.18928725e-45 -2.43855700e-45]
[-1.21274502e+34  6.06230678e+33],[-1.22499497e+27  6.12354220e+26],1e+30,[ 2.71097474e-16 -1.83639893e-16],[ 2.71097474e-46 -1.83639893e-46]
[-5.32612415e+33  1.84215225e+33],[-5.37992338e+26  1.86075985e+26],1e+30,[ 9.33263415e-16 -1.00463178e-15],[ 9.33263415e-46 -1.00463178e-45]
[-3.91211149e+32  1.65850726e+33],[-3.95162777e+25  1.67525986e+26],1e+30,[-4.07879585e-14 -1.80950902e-15],[-4.07879585e-44 -1.80950902e-45]
[-2.81366883e+33  4.47218282e+33],[-2.84208973e+26  4.51735639e+26],1e+30,[ 7.38474008e-16 -8.93015657e-16],[ 7.38474008e-46 -8.93015657e-46]
[ 9.09721419e+33 -2.99906300e+32],[ 9.18910524e+26 -3.02935656e+25],1e+30,[-1.31174578e-15 -5.14143358e-16],[-1.31174578e-45 -5.14143358e-46]
[-7.41951311e+31 -9.06197959e+33],[-7.49445770e+24 -9.15351473e+26],1e+30,[-9.24341720e-17  1.31078822e-15],[-9.24341720e-47  1.31078822e-45]
[-6.57367654e+33 -1.30188296e+34],[-6.64007731e+26 -1.31503329e+27],1e+30,[1.10225513e-16 2.35157006e-16],[1.10225513e-46 2.35157006e-46]
[-1.23376583e+33  2.70946254e+32],[-1.24622811e+26  2.73683085e+25],1e+30,[1.75022685e-15 5.20925019e-15],[1.75022685e-45 5.20925019e-45]
[1.33770252e+34 1.08322495e+33],[1.35121467e+27 1.09416661e+26],1e+30,[-3.57983211e-16 -1.20549093e-17],[-3.57983211e-46 -1.20549093e-47]
[-1.84216957e+34 -2.18595163e+34],[-1.86077735e+27 -2.20803195e+27],1e+30,[5.50646104e-17 6.58915309e-17],[5.50646104e-47 6.58915309e-47]
[-8.19751183e+32  8.43483048e+30],[-8.28031498e+25  8.52003045e+23],1e+30,[ 1.82591386e-15 -3.41993418e-15],[ 1.82591386e-45 -3.41993418e-45]
[-1.11498014e+33  3.51738531e+33],[-1.12624257e+26  3.55291445e+26],1e+30,[ 4.09630393e-16 -1.63734233e-15],[ 4.09630393e-46 -1.63734233e-45]
[-2.56329847e+30  3.26726862e+33],[-2.58919022e+23  3.30027134e+26],1e+30,[ 5.57375804e-15 -3.62166212e-16],[ 5.57375804e-45 -3.62166212e-46]
[-2.05586178e+32  1.85681837e+33],[-2.07662807e+25  1.87557411e+26],1e+30,[ 4.48024530e-16 -8.72613782e-15],[ 4.48024530e-46 -8.72613782e-45]
[-2.55502211e+33 -4.88833096e+33],[-2.58083041e+26 -4.93770804e+26],1e+30,[1.22686879e-15 1.34734019e-15],[1.22686879e-45 1.34734019e-45]
[6.10658910e+33 2.91378921e+34],[6.16827182e+26 2.94322142e+27],1e+30,[-9.26566111e-18 -6.93262188e-17],[-9.26566111e-48 -6.93262188e-47]
[-7.01240534e+33 -1.49065364e+34],[-7.08323771e+26 -1.50571075e+27],1e+30,[2.88996588e-16 3.11955473e-16],[2.88996588e-46 3.11955473e-46]
[-6.03684229e+32  6.49971927e+33],[-6.0978205e+25  6.5653730e+26],1e+30,[ 5.43969372e-16 -6.76888847e-16],[ 5.43969372e-46 -6.76888847e-46]
[1.97328846e+32 2.18598072e+33],[1.99322066e+25 2.20806134e+26],1e+30,[ 2.61875045e-16 -2.77131555e-15],[ 2.61875045e-46 -2.77131555e-45]
[ 2.42571439e+33 -7.68595739e+33],[ 2.45021656e+26 -7.76359332e+26],1e+30,[-1.53062519e-14  5.41515682e-15],[-1.53062519e-44  5.41515682e-45]
[1.20721985e+33 1.22240298e+33],[1.21941399e+26 1.23475048e+26],1e+30,[-9.71263880e-16 -2.21271068e-15],[-9.71263880e-46 -2.21271068e-45]
[-1.17364081e+33  9.41196179e+32],[-1.18549576e+26  9.50703212e+25],1e+30,[-2.96753450e-17  1.54567494e-15],[-2.96753450e-47  1.54567494e-45]
[1.95280769e+34 1.23580430e+34],[1.97253302e+27 1.24828718e+27],1e+30,[-1.00686057e-16 -6.34275096e-17],[-1.00686057e-46 -6.34275096e-47]
[-5.10485632e+32  6.60759089e+32],[-5.15642052e+25  6.67433423e+25],1e+30,[ 1.03001197e-15 -3.18179642e-15],[ 1.03001197e-45 -3.18179642e-45]
[-2.36248087e+33 -2.76324490e+33],[-2.38634431e+26 -2.79115646e+26],1e+30,[4.30637380e-15 9.88870028e-16],[4.30637380e-45 9.88870028e-46]
[-8.45033401e+32 -6.73894880e+33],[-8.53569093e+25 -6.80701899e+26],1e+30,[-1.80778996e-16  1.03285643e-15],[-1.80778996e-46  1.03285643e-45]
[-9.89841775e+33 -2.67027096e+33],[-9.99840177e+26 -2.69724340e+26],1e+30,[6.28727016e-16 1.58142634e-16],[6.28727016e-46 1.58142634e-46]
[2.91263185e+33 1.07137629e+33],[2.94205237e+26 1.08219828e+26],1e+30,[-3.31075957e-14 -1.41777301e-14],[-3.31075957e-44 -1.41777301e-44]
[3.87215380e+33 7.22144599e+33],[3.91126646e+26 7.29438989e+26],1e+30,[-7.77380903e-16 -1.40605182e-15],[-7.77380903e-46 -1.40605182e-45]
[-4.52204276e+33  5.42384320e+33],[-4.56771996e+26  5.47862950e+26],1e+30,[ 8.13754197e-16 -7.45945074e-16],[ 8.13754197e-46 -7.45945074e-46]
[-4.38971892e+33  1.34017345e+34],[-4.43405951e+26  1.35371056e+27],1e+30,[ 1.11721755e-16 -2.65845979e-16],[ 1.11721755e-46 -2.65845979e-46]
[-3.54451530e+33 -2.13701398e+32],[-3.58031849e+26 -2.15859999e+25],1e+30,[-5.60143013e-16  3.58153696e-15],[-5.60143013e-46  3.58153696e-45]
[ 2.21723793e+35 -2.59695464e+35],[ 2.23963427e+28 -2.62318650e+28],1e+30,[-3.76683405e-19  4.43440420e-19],[-3.76683405e-49  4.43440420e-49]
[-6.78273269e+32  6.81419042e+33],[-6.85124514e+25  6.88302063e+26],1e+30,[ 8.07133798e-16 -1.87406386e-15],[ 8.07133798e-46 -1.87406386e-45]
[-1.95934762e+31 -6.66259978e+32],[-1.97913913e+24 -6.72989876e+25],1e+30,[-1.73188421e-15  5.14312266e-15],[-1.73188421e-45  5.14312266e-45]
[3.66361140e+32 1.85936971e+33],[3.70061757e+25 1.87815122e+26],1e+30,[-2.33878448e-15 -2.95897159e-15],[-2.33878448e-45 -2.95897159e-45]
[-1.83126585e+33  2.35565374e+33],[-1.84976349e+26  2.37944823e+26],1e+30,[ 1.68721837e-15 -3.32638359e-15],[ 1.68721837e-45 -3.32638359e-45]
[-2.36679851e+33 -1.10835000e+33],[-2.39070556e+26 -1.11954545e+26],1e+30,[ 1.97449599e-14 -6.97993138e-15],[ 1.97449599e-44 -6.97993138e-45]
[ 1.15394790e+33 -6.71215607e+33],[ 1.16560394e+26 -6.77995563e+26],1e+30,[-4.15240064e-16  1.06913591e-15],[-4.15240064e-46  1.06913591e-45]
[1.11939019e+33 8.28528084e+32],[1.13069716e+26 8.36897055e+25],1e+30,[-4.21303042e-15 -5.65306851e-15],[-4.21303042e-45 -5.65306851e-45]
[ 7.31789000e+32 -1.62943456e+33],[ 7.39180808e+25 -1.64589350e+26],1e+30,[-3.98434889e-15  8.11754319e-15],[-3.98434889e-45  8.11754319e-45]
[-2.83386394e+33  3.67826366e+33],[-2.86248883e+26  3.71541783e+26],1e+30,[ 1.58916696e-15 -1.64372281e-15],[ 1.58916696e-45 -1.64372281e-45]
[2.66285019e+33 6.18492153e+33],[2.68974767e+26 6.24739548e+26],1e+30,[ 2.15215232e-16 -2.07094583e-15],[ 2.15215232e-46 -2.07094583e-45]
[-6.69944799e+32  2.34441299e+33],[-6.76711919e+25  2.36809393e+26],1e+30,[-2.73890370e-15 -6.97965063e-15],[-2.73890370e-45 -6.97965063e-45]
[ 7.60589183e+32 -2.68983820e+33],[ 7.68271901e+25 -2.71700828e+26],1e+30,[-1.91943220e-15  2.65045774e-15],[-1.91943220e-45  2.65045774e-45]
[ 2.87876150e+33 -2.20848055e+32],[ 2.90783990e+26 -2.23078843e+25],1e+30,[ 8.08613997e-14 -3.69669607e-14],[ 8.08613997e-44 -3.69669607e-44]
[1.65259103e+33 1.17256072e+32],[1.66928387e+26 1.18440477e+25],1e+30,[-3.02526289e-15  8.77264599e-16],[-3.02526289e-45  8.77264599e-46]
[-3.11191984e+33 -7.71158935e+32],[-3.14335337e+26 -7.78948418e+25],1e+30,[-6.98945006e-15 -2.94465706e-15],[-6.98945006e-45 -2.94465706e-45]
[-5.21239600e+33  4.53182418e+33],[-5.26504647e+26  4.57760018e+26],1e+30,[ 1.07406798e-15 -5.69735820e-16],[ 1.07406798e-45 -5.69735820e-46]
[4.37383217e+34 2.75595791e+34],[4.41801229e+27 2.78379586e+27],1e+30,[-2.08153594e-17 -1.32491501e-17],[-2.08153594e-47 -1.32491501e-47]
[4.48102947e+32 2.36910435e+33],[4.52629239e+25 2.39303469e+26],1e+30,[-1.30150164e-15 -3.49652207e-15],[-1.30150164e-45 -3.49652207e-45]
[-2.20486325e+33  6.11340862e+32],[-2.22713460e+26  6.17516022e+25],1e+30,[ 9.77056070e-15 -3.89660839e-15],[ 9.77056070e-45 -3.89660839e-45]
[-1.42053011e+34  1.04714331e+34],[-1.43487889e+27  1.05772051e+27],1e+30,[1.73726030e-16 2.99498796e-18],[1.73726030e-46 2.99498796e-48]
[-1.88304194e+35 -1.98892325e+35],[-1.90206257e+28 -2.00901338e+28],1e+30,[6.18397425e-19 6.56290960e-19],[6.18397425e-49 6.56290960e-49]
[-4.48019333e+33 -1.20582811e+33],[-4.52544781e+26 -1.21800819e+26],1e+30,[4.65676063e-16 2.99475873e-16],[4.65676063e-46 2.99475873e-46]
[-7.02240550e+33 -4.01384811e+33],[-7.09333889e+26 -4.05439203e+26],1e+30,[ 1.09033999e-15 -8.93772468e-17],[ 1.09033999e-45 -8.93772468e-47]
[-3.59507035e+34 -4.20823538e+33],[-3.63138419e+27 -4.25074281e+26],1e+30,[4.96882096e-17 6.68943532e-18],[4.96882096e-47 6.68943532e-48]
[6.84412066e+33 8.90471730e+32],[6.91325319e+26 8.99466394e+25],1e+30,[-1.59095857e-15 -1.08980147e-15],[-1.59095857e-45 -1.08980147e-45]
[ 4.56716443e+34 -2.85568392e+33],[ 4.6132974e+27 -2.8845292e+26],1e+30,[-7.02030924e-17  2.45595187e-17],[-7.02030924e-47  2.45595187e-47]
[5.92609453e+33 2.74474700e+33],[5.98595407e+26 2.77247172e+26],1e+30,[-1.65805397e-15 -1.52978955e-15],[-1.65805397e-45 -1.52978955e-45]
[ 2.41290503e+33 -2.21414678e+33],[ 2.43727781e+26 -2.23651190e+26],1e+30,[ 1.08658715e-14 -7.82404953e-15],[ 1.08658715e-44 -7.82404953e-45]
[-1.53105218e+33  5.55677960e+33],[-1.54651736e+26  5.61290869e+26],1e+30,[-6.96517168e-16 -4.41710667e-15],[-6.96517168e-46 -4.41710667e-45]
[-1.15569591e+34  1.58242863e+34],[-1.16736961e+27  1.59841276e+27],1e+30,[ 9.61227937e-17 -1.44432496e-16],[ 9.61227937e-47 -1.44432496e-46]
[1.49400632e+33 1.76597421e+33],[1.50909729e+26 1.78381233e+26],1e+30,[-1.52849254e-13 -2.25886177e-13],[-1.52849254e-43 -2.25886177e-43]
[1.08245529e+35 6.57110016e+33],[1.09338918e+28 6.63747491e+26],1e+30,[-5.86047001e-18 -3.58724540e-19],[-5.86047001e-48 -3.58724540e-49]
[-1.78859770e+33  4.92852179e+33],[-1.80666434e+26  4.97830483e+26],1e+30,[ 1.70658251e-15 -1.25588550e-15],[ 1.70658251e-45 -1.25588550e-45]
[5.36890650e+33 8.20119025e+31],[5.42313787e+26 8.28403049e+24],1e+30,[-5.45680863e-16 -4.78853885e-17],[-5.45680863e-46 -4.78853885e-47]
[-3.98987740e+32  1.61774335e+31],[-4.03017919e+25  1.63408426e+24],1e+30,[-4.98755828e-15 -8.32252262e-15],[-4.98755828e-45 -8.32252262e-45]
[-2.92343761e+34  2.22487797e+34],[-2.95296728e+27  2.24735148e+27],1e+30,[ 4.13008722e-17 -3.26418830e-17],[ 4.13008722e-47 -3.26418830e-47]
[-2.31004446e+33 -1.13444037e+33],[-2.33337824e+26 -1.14589937e+26],1e+30,[-1.05654923e-14  6.43780617e-15],[-1.05654923e-44  6.43780617e-45]
[2.86318191e+33 1.05532436e+33],[2.89210295e+26 1.06598420e+26],1e+30,[ 1.21506313e-14 -2.49771014e-14],[ 1.21506313e-44 -2.49771014e-44]
[-1.1489453e+33  2.2586144e+33],[-1.16055081e+26  2.28142868e+26],1e+30,[ 1.81083353e-15 -3.82815761e-15],[ 1.81083353e-45 -3.82815761e-45]
[2.24219835e+33 1.08173273e+33],[2.26484681e+26 1.09265932e+26],1e+30,[-6.44811715e-15 -5.07706981e-15],[-6.44811715e-45 -5.07706981e-45]
[-2.08500356e+33 -2.42992273e+33],[-2.10606421e+26 -2.45446741e+26],1e+30,[4.85067819e-15 5.72353834e-17],[4.85067819e-45 5.72353834e-47]
[-3.60101170e+33  2.85577334e+33],[-3.63738555e+26  2.88461954e+26],1e+30,[ 4.20958811e-15 -9.81605000e-16],[ 4.20958811e-45 -9.81605000e-46]
[ 6.06478791e+34 -7.41641233e+34],[ 6.12604839e+27 -7.49132559e+27],1e+30,[-3.85068760e-18  5.31703133e-18],[-3.85068760e-48  5.31703133e-48]
[1.24984933e+33 3.15771712e+33],[1.26247407e+26 3.18961325e+26],1e+30,[-7.25124623e-16 -3.14328035e-15],[-7.25124623e-46 -3.14328035e-45]
[ 6.82925758e+34 -1.42668897e+34],[ 6.89823998e+27 -1.44109997e+27],1e+30,[-1.38995294e-17  3.03516167e-18],[-1.38995294e-47  3.03516167e-48]
[-4.32204314e+32  1.66192830e+33],[-4.36570014e+25  1.67871545e+26],1e+30,[ 3.87772483e-14 -8.91304706e-15],[ 3.87772483e-44 -8.91304706e-45]
[ 3.42774433e+33 -1.21328373e+34],[ 3.46236801e+26 -1.22553912e+27],1e+30,[-7.87317647e-17  1.65342544e-16],[-7.87317647e-47  1.65342544e-46]
[-8.68218007e+33  2.25857248e+33],[-8.76987886e+26  2.28138634e+26],1e+30,[ 7.11686173e-16 -2.74680663e-16],[ 7.11686173e-46 -2.74680663e-46]
[5.05213791e+33 2.98984640e+32],[5.10316961e+26 3.02004688e+25],1e+30,[-1.44465246e-15  1.46865735e-15],[-1.44465246e-45  1.46865735e-45]
[-3.50249439e+33  1.23210905e+33],[-3.53787263e+26  1.24455446e+26],1e+30,[ 3.70867378e-15 -1.91244848e-15],[ 3.70867378e-45 -1.91244848e-45]
[-5.62153883e+32 -8.57900168e+32],[-5.67832205e+25 -8.66565826e+25],1e+30,[ 1.76986080e-15 -3.87711987e-16],[ 1.76986080e-45 -3.87711987e-46]
[-5.59492378e+33 -9.15547963e+32],[-5.65143817e+26 -9.24795922e+25],1e+30,[1.68812926e-15 1.42456074e-15],[1.68812926e-45 1.42456074e-45]
[1.53958526e+33 1.91433510e+33],[1.55513663e+26 1.93367182e+26],1e+30,[-4.84345943e-15  2.96218681e-15],[-4.84345943e-45  2.96218681e-45]
[-4.73306817e+33 -1.58208696e+33],[-4.78087694e+26 -1.59806764e+26],1e+30,[3.93707633e-15 2.41577782e-15],[3.93707633e-45 2.41577782e-45]
[-2.94724555e+33 -2.01451817e+33],[-2.97701570e+26 -2.03486683e+26],1e+30,[1.9286805e-15 2.1394255e-15],[1.9286805e-45 2.1394255e-45]
[ 8.04148361e+32 -9.84442471e+32],[ 8.12271071e+25 -9.94386335e+25],1e+30,[-7.10115547e-15  1.10194909e-14],[-7.10115547e-45  1.10194909e-44]
[-8.82298963e+32  8.98287251e+33],[-8.91211075e+25  9.07360860e+26],1e+30,[ 2.68067075e-16 -6.83042513e-16],[ 2.68067075e-46 -6.83042513e-46]
[-2.16781120e+33  2.03691127e+33],[-2.18970828e+26  2.05748613e+26],1e+30,[-3.81060999e-16  4.77292249e-15],[-3.81060999e-46  4.77292249e-45]
[-4.33233925e+33  7.33869149e+31],[-4.37610025e+26  7.41281966e+24],1e+30,[ 2.30195775e-15 -5.93549109e-16],[ 2.30195775e-45 -5.93549109e-46]
[2.87706367e+33 1.63133439e+33],[2.90612492e+26 1.64781252e+26],1e+30,[-4.02320526e-15  2.02469811e-14],[-4.02320526e-45  2.02469811e-44]
[4.15811126e+33 8.62189038e+32],[4.20011239e+26 8.70898018e+25],1e+30,[-3.38730997e-15 -4.47784696e-16],[-3.38730997e-45 -4.47784696e-46]
[-3.08929687e+33  6.09630732e+33],[-3.12050189e+26  6.15788619e+26],1e+30,[ 6.10591288e-16 -1.25636273e-15],[ 6.10591288e-46 -1.25636273e-45]
[-6.12630263e+33 -6.91918326e+33],[-6.18818447e+26 -6.98907400e+26],1e+30,[4.95131438e-16 5.00839244e-16],[4.95131438e-46 5.00839244e-46]
[-1.01841008e+33  1.37612106e+33],[-1.02869705e+26  1.39002127e+26],1e+30,[ 2.28122961e-15 -3.49861894e-15],[ 2.28122961e-45 -3.49861894e-45]
[1.0277426e+34 1.7181600e+34],[1.03812384e+27 1.73551515e+27],1e+30,[-8.37525510e-17 -1.57728945e-16],[-8.37525510e-47 -1.57728945e-46]
[ 4.64364613e+32 -6.50214947e+32],[ 4.69055165e+25 -6.56782775e+25],1e+30,[-1.55816269e-15 -6.50570743e-16],[-1.55816269e-45 -6.50570743e-46]
[-2.48858217e+33  3.22602314e+33],[-2.51371936e+26  3.25860924e+26],1e+30,[-1.78399433e-15 -7.96978732e-16],[-1.78399433e-45 -7.96978732e-46]
[-1.09866942e+33  5.73669279e+32],[-1.10976710e+26  5.79463919e+25],1e+30,[ 3.78120995e-15 -7.67534357e-16],[ 3.78120995e-45 -7.67534357e-46]
[ 4.76389967e+33 -4.49617535e+32],[ 4.81201987e+26 -4.54159127e+25],1e+30,[-2.06353690e-15  1.00434326e-15],[-2.06353690e-45  1.00434326e-45]
[-3.74427165e+33  8.07873840e+33],[-3.78209257e+26  8.16034182e+26],1e+30,[ 5.24697787e-16 -7.80692845e-16],[ 5.24697787e-46 -7.80692845e-46]
[ 4.30029690e+33 -9.98905528e+31],[ 4.34373424e+26 -1.00899548e+25],1e+30,[-4.07674793e-15  8.81055349e-18],[-4.07674793e-45  8.81055349e-48]
[ 3.54956873e+32 -2.57200867e+33],[ 3.58542297e+25 -2.59798856e+26],1e+30,[-3.75118423e-17  1.06612048e-15],[-3.75118423e-47  1.06612048e-45]
[-6.69214683e+32 -1.04271892e+33],[-6.75974428e+25 -1.05325144e+26],1e+30,[-3.07536992e-13 -6.83074495e-13],[-3.07536992e-43 -6.83074495e-43]
[-7.78547167e+32 -5.43492996e+33],[-7.86411280e+25 -5.48982824e+26],1e+30,[-3.87167490e-15 -3.22995351e-15],[-3.87167490e-45 -3.22995351e-45]
[2.1663049e+34 1.0253405e+34],[2.18818677e+27 1.03569747e+27],1e+30,[-1.01644602e-16 -3.33547841e-17],[-1.01644602e-46 -3.33547841e-47]
[ 1.42968593e+33 -4.34905973e+33],[ 1.44412721e+26 -4.39298962e+26],1e+30,[-1.16219399e-15  2.53234765e-15],[-1.16219399e-45  2.53234765e-45]
[-1.29332052e+34 -2.88802346e+33],[-1.30638437e+27 -2.91719541e+26],1e+30,[3.98199647e-16 7.27652082e-17],[3.98199647e-46 7.27652082e-47]
[ 2.58359376e+33 -2.83897776e+32],[ 2.60969067e+26 -2.86765430e+25],1e+30,[-2.91475907e-15 -9.33244005e-16],[-2.91475907e-45 -9.33244005e-46]
[3.63737837e+33 7.03367537e+33],[3.67411957e+26 7.10472259e+26],1e+30,[ 2.97636640e-16 -4.62734049e-16],[ 2.97636640e-46 -4.62734049e-46]
[ 1.81264584e+33 -7.17994191e+33],[ 1.83095540e+26 -7.25246657e+26],1e+30,[-1.14376654e-16  8.06666515e-16],[-1.14376654e-46  8.06666515e-46]
[ 6.82490879e+33 -3.12390447e+31],[ 6.89384726e+26 -3.15545908e+24],1e+30,[-1.27141922e-15  4.30125581e-16],[-1.27141922e-45  4.30125581e-46]
[1.77708821e+34 3.67759435e+34],[1.79503859e+27 3.71474176e+27],1e+30,[-2.73638889e-17 -3.59044207e-17],[-2.73638889e-47 -3.59044207e-47]
[-1.14292517e+33 -3.92992910e+33],[-1.15446987e+26 -3.96962536e+26],1e+30,[-7.16018195e-17  3.82250658e-15],[-7.16018195e-47  3.82250658e-45]
[-9.04898695e+32  2.39592781e+33],[-9.14039087e+25  2.42012910e+26],1e+30,[ 2.65732758e-15 -6.51980732e-15],[ 2.65732758e-45 -6.51980732e-45]
[ 1.33605486e+33 -3.97925282e+33],[ 1.34955037e+26 -4.01944730e+26],1e+30,[-2.47013678e-15  2.23863761e-15],[-2.47013678e-45  2.23863761e-45]
[-6.32352808e+32 -4.12141873e+32],[-6.38740210e+25 -4.16304923e+25],1e+30,[2.44505478e-15 2.38534568e-15],[2.44505478e-45 2.38534568e-45]
[ 3.88857331e+33 -4.65087466e+32],[ 3.92785183e+26 -4.69785320e+25],1e+30,[-2.40013358e-15  8.98225187e-16],[-2.40013358e-45  8.98225187e-46]
[6.72297532e+32 5.91119789e+32],[6.79088417e+25 5.97090696e+25],1e+30,[-4.16503951e-15 -3.17762072e-15],[-4.16503951e-45 -3.17762072e-45]
[-4.54458402e+32  2.67961679e+33],[-4.59048889e+25  2.70668363e+26],1e+30,[ 1.90301314e-15 -3.11310834e-15],[ 1.90301314e-45 -3.11310834e-45]
[2.35065072e+32 3.77621218e+33],[2.37439466e+25 3.81435573e+26],1e+30,[-2.25597614e-16  1.03770385e-15],[-2.25597614e-46  1.03770385e-45]
[-2.98136059e+33 -7.37639594e+33],[-3.01147535e+26 -7.45090499e+26],1e+30,[1.05561795e-16 2.96307977e-16],[1.05561795e-46 2.96307977e-46]
[-2.88596323e+33 -1.71129984e+33],[-2.91511437e+26 -1.72858570e+26],1e+30,[1.63678048e-15 1.32070996e-15],[1.63678048e-45 1.32070996e-45]
[ 1.09974109e+33 -3.90606591e+33],[ 1.11084959e+26 -3.94552112e+26],1e+30,[-8.04166533e-16  4.24396537e-15],[-8.04166533e-46  4.24396537e-45]
[3.58673796e+33 1.32157649e+33],[3.62296764e+26 1.33492574e+26],1e+30,[-2.53384460e-15 -3.13510927e-15],[-2.53384460e-45 -3.13510927e-45]
[-3.62195174e+33  3.55028165e+33],[-3.65853711e+26  3.58614309e+26],1e+30,[ 1.57964793e-15 -1.25208467e-15],[ 1.57964793e-45 -1.25208467e-45]
[ 2.20377860e+33 -2.67933124e+32],[ 2.22603899e+26 -2.70639515e+25],1e+30,[-5.54762855e-16 -6.37338373e-15],[-5.54762855e-46 -6.37338373e-45]
[-1.01701631e+33 -4.26155551e+32],[-1.02728920e+26 -4.30460153e+25],1e+30,[1.75864437e-15 2.90146385e-15],[1.75864437e-45 2.90146385e-45]
[1.57863672e+33 3.86619925e+33],[1.59458254e+26 3.90525177e+26],1e+30,[ 1.01877244e-15 -7.81170672e-15],[ 1.01877244e-45 -7.81170672e-45]
[-1.61355335e+33  1.67595993e+33],[-1.62985186e+26  1.69288881e+26],1e+30,[ 3.18394116e-15 -1.23516876e-15],[ 3.18394116e-45 -1.23516876e-45]
[-5.00754386e+32  7.61208164e+32],[-5.05812513e+25  7.68897137e+25],1e+30,[-2.49319928e-15  1.51353096e-15],[-2.49319928e-45  1.51353096e-45]
[-1.94698661e+33  3.27438423e+33],[-1.96665314e+26  3.30745882e+26],1e+30,[ 2.51666534e-15 -1.65492928e-15],[ 2.51666534e-45 -1.65492928e-45]
[-9.05925145e+33 -7.70936697e+33],[-9.15075904e+26 -7.78723937e+26],1e+30,[3.80062789e-16 3.00772976e-16],[3.80062789e-46 3.00772976e-46]
[1.11268583e+33 2.84629570e+33],[1.12392508e+26 2.87504617e+26],1e+30,[3.08763641e-14 4.00215169e-14],[3.08763641e-44 4.00215169e-44]
[-1.02450483e+33 -1.71371770e+33],[-1.03485336e+26 -1.73102797e+26],1e+30,[3.90636477e-15 2.16541868e-15],[3.90636477e-45 2.16541868e-45]
[-4.43181751e+33 -7.89239900e+32],[-4.47658334e+26 -7.97212020e+25],1e+30,[1.42841789e-15 6.52279845e-17],[1.42841789e-45 6.52279845e-47]
[-2.19770619e+33  6.80659255e+33],[-2.21990524e+26  6.87534601e+26],1e+30,[ 2.73325705e-16 -1.34887489e-15],[ 2.73325705e-46 -1.34887489e-45]
[-4.50220114e+32  9.34333062e+33],[-4.54767792e+25  9.43770769e+26],1e+30,[-6.14146835e-17 -8.62910444e-16],[-6.14146835e-47 -8.62910444e-46]
[-1.06409762e+32 -3.17547419e+33],[-1.07484607e+25 -3.20754968e+26],1e+30,[7.64599787e-16 1.39497613e-15],[7.64599787e-46 1.39497613e-45]
[-5.56330161e+32 -5.47002003e+32],[-5.61949658e+25 -5.52527276e+25],1e+30,[1.59127260e-15 4.34267086e-15],[1.59127260e-45 4.34267086e-45]
[ 1.58865884e+33 -1.01077537e+34],[ 1.60470589e+26 -1.02098522e+27],1e+30,[-1.19329042e-16  6.33032042e-16],[-1.19329042e-46  6.33032042e-46]
[-1.60306075e+33 -6.68641625e+33],[-1.61925328e+26 -6.75395581e+26],1e+30,[-7.70411656e-14  1.59878399e-14],[-7.70411656e-44  1.59878399e-44]
[-1.59451453e+34  5.70150431e+33],[-1.61062074e+27  5.75909526e+26],1e+30,[ 2.21452415e-16 -6.11515404e-17],[ 2.21452415e-46 -6.11515404e-47]
[ 1.74600282e+33 -2.47809437e+33],[ 1.76363921e+26 -2.50312563e+26],1e+30,[-1.09847462e-14  2.97007482e-14],[-1.09847462e-44  2.97007482e-44]
[1.28773714e+33 1.11841136e+34],[1.30074459e+26 1.12970845e+27],1e+30,[ 3.08139391e-16 -5.69320294e-16],[ 3.08139391e-46 -5.69320294e-46]
[2.11126701e+32 3.90331441e+33],[2.13259293e+25 3.94274183e+26],1e+30,[ 6.99974845e-16 -6.41855152e-15],[ 6.99974845e-46 -6.41855152e-45]
[-1.81623443e+33 -1.64262362e+33],[-1.83458023e+26 -1.65921578e+26],1e+30,[1.32512147e-15 2.83720081e-15],[1.32512147e-45 2.83720081e-45]
[3.37715812e+33 1.27718980e+33],[3.41127083e+26 1.29009071e+26],1e+30,[ 1.62661596e-15 -2.12420527e-15],[ 1.62661596e-45 -2.12420527e-45]
[ 5.89115853e+32 -9.98028545e+32],[ 5.95066518e+25 -1.00810964e+26],1e+30,[-6.96177284e-15  3.42678124e-15],[-6.96177284e-45  3.42678124e-45]
[-1.38959493e+33  4.27340094e+33],[-1.40363124e+26  4.31656661e+26],1e+30,[-6.87515156e-17  4.26560075e-15],[-6.87515156e-47  4.26560075e-45]
[-1.46980102e+34  2.59375607e+34],[-1.48464750e+27  2.61995563e+27],1e+30,[ 3.19341748e-17 -2.66824182e-17],[ 3.19341748e-47 -2.66824182e-47]
[ 3.57091728e+33 -1.98649453e+33],[ 3.60698715e+26 -2.00656013e+26],1e+30,[-5.84507929e-17  6.56183448e-15],[-5.84507929e-47  6.56183448e-45]
[4.29988607e+32 5.57886833e+32],[4.34331927e+25 5.63522053e+25],1e+30,[-1.51866458e-15  7.16582608e-15],[-1.51866458e-45  7.16582608e-45]
[ 2.22004339e+33 -2.22090198e+33],[ 2.24246807e+26 -2.24333533e+26],1e+30,[1.63836434e-15 1.65248035e-15],[1.63836434e-45 1.65248035e-45]
[-1.37791571e+34 -4.92917749e+34],[-1.39183405e+27 -4.97896717e+27],1e+30,[6.50555113e-18 2.54370216e-17],[6.50555113e-48 2.54370216e-47]
[-2.33786102e+33 -3.69689911e+32],[-2.36147577e+26 -3.73424152e+25],1e+30,[1.56789792e-15 4.80190206e-16],[1.56789792e-45 4.80190206e-46]
[1.03375294e+34 2.00502897e+33],[1.04419488e+27 2.02528178e+26],1e+30,[-4.26510587e-16 -1.55740483e-16],[-4.26510587e-46 -1.55740483e-46]
[-6.43584031e+33 -1.31787809e+33],[-6.50084880e+26 -1.33118999e+26],1e+30,[ 2.49233448e-15 -8.45274027e-16],[ 2.49233448e-45 -8.45274027e-46]
[ 4.27761627e+32 -4.41615518e+33],[ 4.32082451e+25 -4.46076280e+26],1e+30,[-4.09617214e-16  2.92121948e-15],[-4.09617214e-46  2.92121948e-45]
[ 1.59336853e+34 -1.70638469e+34],[ 1.60946316e+27 -1.72362090e+27],1e+30,[-7.65801077e-17  8.75310450e-17],[-7.65801077e-47  8.75310450e-47]
[ 1.52852993e+33 -4.47564650e+32],[ 1.54396963e+26 -4.52085506e+25],1e+30,[1.76599295e-13 1.51027168e-13],[1.76599295e-43 1.51027168e-43]
[-1.36358353e+33  2.17868207e+33],[-1.37735710e+26  2.20068896e+26],1e+30,[ 1.42325824e-15 -3.53830281e-15],[ 1.42325824e-45 -3.53830281e-45]
[ 1.70465862e+33 -2.05549799e+33],[ 1.72187739e+26 -2.07626060e+26],1e+30,[-3.26889378e-15  2.83809724e-15],[-3.26889378e-45  2.83809724e-45]
[9.86868209e+32 2.61843941e+33],[9.96836574e+25 2.64488829e+26],1e+30,[-5.95884979e-16 -1.34219232e-15],[-5.95884979e-46 -1.34219232e-45]
[ 2.82552968e+33 -2.39201695e+33],[ 2.85407038e+26 -2.41617874e+26],1e+30,[-6.76663613e-15  5.47169359e-15],[-6.76663613e-45  5.47169359e-45]
[-3.95928077e+33 -2.67288494e+33],[-3.99927351e+26 -2.69988378e+26],1e+30,[ 3.46628665e-15 -2.71028855e-14],[ 3.46628665e-45 -2.71028855e-44]
[-3.07351580e+33  7.65062743e+33],[-3.10456141e+26  7.72790649e+26],1e+30,[ 4.64670872e-16 -6.12876469e-16],[ 4.64670872e-46 -6.12876469e-46]
[1.88525569e+33 4.74889435e+32],[1.90429867e+26 4.79686298e+25],1e+30,[ 5.91160355e-16 -1.52457420e-15],[ 5.91160355e-46 -1.52457420e-45]
[-4.75095092e+33 -1.10870120e+33],[-4.79894032e+26 -1.11990020e+26],1e+30,[2.34801082e-15 1.34297113e-16],[2.34801082e-45 1.34297113e-46]
[-1.14712465e+34 -2.81065209e+34],[-1.15871176e+27 -2.83904252e+27],1e+30,[2.54421229e-17 6.21153408e-17],[2.54421229e-47 6.21153408e-47]
[-9.46916657e+32  1.02011374e+33],[-9.56481472e+25  1.03041792e+26],1e+30,[-2.79595783e-15  7.62688434e-16],[-2.79595783e-45  7.62688434e-46]
[-3.34207378e+32  7.20807018e+33],[-3.37583210e+25  7.28087897e+26],1e+30,[ 7.39741850e-17 -1.85994857e-15],[ 7.39741850e-47 -1.85994857e-45]
[2.01778238e+33 1.73523881e+33],[2.03816402e+26 1.75276647e+26],1e+30,[-1.66753085e-15 -2.21227018e-15],[-1.66753085e-45 -2.21227018e-45]
[1.00809204e+34 3.92341281e+34],[1.01827479e+27 3.96304324e+27],1e+30,[-7.05738211e-18 -4.60282857e-17],[-7.05738211e-48 -4.60282857e-47]
[ 2.77480001e+32 -3.03245574e+33],[ 2.80282830e+25 -3.06308661e+26],1e+30,[-2.02334881e-15  1.65407442e-15],[-2.02334881e-45  1.65407442e-45]
[ 9.48323839e+32 -9.87109948e+32],[ 9.57902868e+25 -9.97080756e+25],1e+30,[-6.50625304e-15  9.90250652e-16],[-6.50625304e-45  9.90250652e-46]
[-1.24069550e+34  5.51777388e+34],[-1.25322777e+27  5.57350897e+27],1e+30,[ 4.77183913e-18 -2.05873893e-17],[ 4.77183913e-48 -2.05873893e-47]
[ 6.77798999e+33 -3.62947597e+33],[ 6.84645454e+26 -3.66613734e+26],1e+30,[-6.77771840e-16  1.40326357e-15],[-6.77771840e-46  1.40326357e-45]
[-9.10979045e+33  4.05485943e+33],[-9.20180854e+26  4.09581760e+26],1e+30,[ 5.55481667e-16 -2.90015602e-16],[ 5.55481667e-46 -2.90015602e-46]
[ 9.92818139e+30 -4.06020334e+33],[ 1.00284672e+24 -4.10121549e+26],1e+30,[-3.31610432e-16  6.80548103e-15],[-3.31610432e-46  6.80548103e-45]
[-5.25061236e+33  5.39730127e+33],[-5.30364885e+26  5.45181947e+26],1e+30,[ 1.02411787e-15 -6.95185525e-16],[ 1.02411787e-45 -6.95185525e-46]
[-2.29105662e+32 -3.58018354e+33],[-2.31419861e+25 -3.61634701e+26],1e+30,[ 3.84561593e-15 -6.15663414e-16],[ 3.84561593e-45 -6.15663414e-46]
[-2.70302968e+33 -2.80205970e+32],[-2.73033301e+26 -2.83036333e+25],1e+30,[3.30115874e-15 1.21195273e-16],[3.30115874e-45 1.21195273e-46]
[-5.83154016e+33  9.30341866e+33],[-5.89044460e+26  9.39739258e+26],1e+30,[ 5.25895967e-16 -2.54630657e-16],[ 5.25895967e-46 -2.54630657e-46]
[4.83223245e+33 2.23515389e+33],[4.88104288e+26 2.25773120e+26],1e+30,[-7.56171493e-16  1.53202734e-17],[-7.56171493e-46  1.53202734e-47]
[ 6.62599429e+33 -3.27318178e+33],[ 6.69292352e+26 -3.30624423e+26],1e+30,[-1.85596646e-16  1.07943999e-16],[-1.85596646e-46  1.07943999e-46]
[9.69086403e+32 1.24807998e+32],[9.78875157e+25 1.26068685e+25],1e+30,[-3.53124272e-15  5.39499647e-15],[-3.53124272e-45  5.39499647e-45]
[-2.12656700e+35  2.66249793e+35],[-2.14804747e+28  2.68939185e+28],1e+30,[ 3.63698128e-19 -4.57128788e-19],[ 3.63698128e-49 -4.57128788e-49]
[-7.47928439e+32  2.14727580e+33],[-7.55483270e+25  2.16896546e+26],1e+30,[-1.08594913e-14 -6.51598638e-15],[-1.08594913e-44 -6.51598638e-45]
[ 5.36697407e+33 -2.99869363e+33],[ 5.42118593e+26 -3.02898346e+26],1e+30,[-1.27547365e-15  2.09814979e-15],[-1.27547365e-45  2.09814979e-45]
[-1.11884507e+33  1.06541736e+33],[-1.13014653e+26  1.07617915e+26],1e+30,[7.10074947e-15 2.48470679e-16],[7.10074947e-45 2.48470679e-46]
[-6.57994228e+33 -1.77790615e+33],[-6.64640635e+26 -1.79586480e+26],1e+30,[2.07866967e-15 8.57339445e-16],[2.07866967e-45 8.57339445e-46]
[-2.90559331e+33  8.09605134e+33],[-2.93494274e+26  8.17782964e+26],1e+30,[ 2.05576016e-16 -1.16563886e-15],[ 2.05576016e-46 -1.16563886e-45]
[2.72851578e+33 4.69313641e+33],[2.75607654e+26 4.74054183e+26],1e+30,[-7.65740210e-16 -1.75129388e-15],[-7.65740210e-46 -1.75129388e-45]
[1.91798418e+33 1.48611938e+33],[1.93735776e+26 1.50113068e+26],1e+30,[-1.63241524e-15 -1.22148901e-15],[-1.63241524e-45 -1.22148901e-45]
[-2.41395350e+33  1.76956633e+33],[-2.43833687e+26  1.78744074e+26],1e+30,[3.85424445e-15 8.31769503e-16],[3.85424445e-45 8.31769503e-46]
[-1.18927319e+33 -3.53309654e+33],[-1.20128605e+26 -3.56878439e+26],1e+30,[6.38481097e-16 2.27286766e-15],[6.38481097e-46 2.27286766e-45]
[2.0525734e+33 2.9037974e+33],[2.07330647e+26 2.93312869e+26],1e+30,[-2.45751422e-15 -2.71591962e-15],[-2.45751422e-45 -2.71591962e-45]
[3.65889562e+33 9.32339880e+32],[3.69585417e+26 9.41757448e+25],1e+30,[-1.07253169e-15  2.57021653e-16],[-1.07253169e-45  2.57021653e-46]
[-1.65086443e+32 -4.04296712e+32],[-1.66753983e+25 -4.08380518e+25],1e+30,[1.10022032e-15 1.94951656e-15],[1.10022032e-45 1.94951656e-45]
[-2.70311505e+33 -7.32145786e+32],[-2.73041925e+26 -7.39541201e+25],1e+30,[2.71806072e-15 1.47970470e-15],[2.71806072e-45 1.47970470e-45]
[5.56334178e+33 1.02801141e+32],[5.61953715e+26 1.03839537e+25],1e+30,[-4.19082077e-15 -1.43920951e-16],[-4.19082077e-45 -1.43920951e-46]
[3.31652678e+33 3.98796426e+32],[3.35002706e+26 4.02824674e+25],1e+30,[-1.75432074e-15  3.03238462e-16],[-1.75432074e-45  3.03238462e-46]
[5.77719658e+34 2.27642120e+34],[5.83555210e+27 2.29941536e+27],1e+30,[-1.58795972e-17 -6.74027920e-18],[-1.58795972e-47 -6.74027920e-48]
[ 1.56305443e+33 -1.80794879e+33],[ 1.57884286e+26 -1.82621090e+26],1e+30,[-1.83981453e-15 -2.56664848e-15],[-1.83981453e-45 -2.56664848e-45]
[ 5.29569584e+32 -8.43114962e+32],[ 5.34918772e+25 -8.51631276e+25],1e+30,[ 1.75464212e-15 -4.07877162e-15],[ 1.75464212e-45 -4.07877162e-45]
[-1.67546880e+33 -2.94836677e+33],[-1.69239272e+26 -2.97814826e+26],1e+30,[-2.47330873e-16  1.77507496e-14],[-2.47330873e-46  1.77507496e-44]
[-5.08698339e+33  1.76221002e+32],[-5.13836706e+26  1.78001012e+25],1e+30,[ 1.15961674e-15 -7.72238790e-16],[ 1.15961674e-45 -7.72238790e-46]
[-2.01876134e+33 -4.09528231e+33],[-2.03915287e+26 -4.13664880e+26],1e+30,[7.31237108e-15 5.65779728e-14],[7.31237108e-45 5.65779728e-44]
[-4.53076234e+32  5.40943280e+33],[-4.57652761e+25  5.46407354e+26],1e+30,[ 1.38841875e-15 -1.85464683e-15],[ 1.38841875e-45 -1.85464683e-45]
[ 5.68190755e+32 -1.42145743e+33],[ 5.73930056e+25 -1.43581559e+26],1e+30,[1.79309201e-16 2.15458876e-15],[1.79309201e-46 2.15458876e-45]
